event_time,event_type,product_id,category_id,category_code,brand,price,user_id,user_session
2019-11-01 00:00:00 UTC,view,1003461,2053013555631882655,electronics.smartphone,xiaomi,489.07,520088904,4d3b30da-a5e4-49df-b1a8-ba5943f1dd33
2019-11-01 00:00:00 UTC,view,5000088,2053013566100866035,appliances.sewing_machine,janome,293.65,530496790,8e5f4f83-366c-4f70-860e-ca7417414283
2019-11-01 00:00:01 UTC,view,3601530,2053013563810775923,appliances.kitchen.washer,lg,712.87,518085591,3bfb58cd-7892-48cc-8020-2f17e6de6e7f
2019-11-01 00:00:01 UTC,view,1004775,2053013555631882655,electronics.smartphone,xiaomi,183.27,558856683,313628f1-68b8-460d-84f6-cec7a8796ef2
2019-11-01 00:00:01 UTC,view,1306894,2053013558920217191,computers.notebook,hp,360.09,520772685,816a59f3-f5ae-4ccd-9b23-82aa8c23d33c
2019-11-01 00:00:01 UTC,view,1306421,2053013558920217191,computers.notebook,hp,514.56,514028527,df8184cc-3694-4549-8c8c-6b5171877376
2019-11-01 00:00:02 UTC,view,1004258,2053013555631882655,electronics.smartphone,apple,732.07,532647354,d2d3d2c6-631d-489e-9fb5-06f340b85be0
2019-11-01 00:00:05 UTC,view,4600658,2053013563944993659,appliances.kitchen.dishwasher,samsung,411.83,526595547,aab33a9a-29c3-4d50-84c1-8a2bc9256104
2019-11-01 00:00:07 UTC,view,1004566,2053013555631882655,electronics.smartphone,huawei,164.84,566265908,52c2c76c-b79e-4794-86ff-badc76d35f5a
2019-11-01 00:00:08 UTC,view,1307115,2053013558920217191,computers.notebook,hp,411.59,514028527,df8184cc-3694-4549-8c8c-6b5171877376
2019-11-01 00:00:08 UTC,view,1004708,2053013555631882655,electronics.smartphone,huawei,151.99,566143627,aa610ab3-5c60-4551-8a2b-8c999dddf843
2019-11-01 00:00:10 UTC,view,1005115,2053013555631882655,electronics.smartphone,apple,949.47,562079864,0fe64462-83eb-4131-ab00-8e764dd995c3
2019-11-01 00:00:10 UTC,view,1307350,2053013558920217191,computers.notebook,acer,514.79,513741043,82f7f972-346a-41f1-ae58-3ccf1edf6726
2019-11-01 00:00:11 UTC,view,1307340,2053013558920217191,computers.notebook,asus,360.34,520772685,816a59f3-f5ae-4ccd-9b23-82aa8c23d33c
2019-11-01 00:00:12 UTC,view,16700826,2053013559901684381,furniture.kitchen.chair,nika,47.77,566255262,173d7b72-1db7-4638-8207-be8148bf3c9f
2019-11-01 00:00:13 UTC,view,4804194,2053013554658804075,electronics.audio.headphone,acme,69.24,565731881,5d8cb7aa-ca44-4705-809d-53c97b497e16
2019-11-01 00:00:13 UTC,view,3701016,2053013565983425517,appliances.environment.vacuum,tefal,108.09,566278257,5cafe67a-3c46-4b47-a46a-ab30de4356bc
2019-11-01 00:00:14 UTC,view,1002544,2053013555631882655,electronics.smartphone,apple,458.28,549256216,dcbdc6e4-cd49-4ee8-95c5-e85f3c618fa1
2019-11-01 00:00:14 UTC,cart,1005014,2053013555631882655,electronics.smartphone,samsung,503.09,533326659,6b928be2-2bce-4640-8296-0efdf2fda22a
2019-11-01 00:00:15 UTC,view,3901174,2053013552326770905,appliances.environment.water_heater,oasis,32.66,513200477,742aba02-727b-4d15-9222-6484ac846173
2019-11-01 00:00:15 UTC,view,4600603,2053013563944993659,appliances.kitchen.dishwasher,bosch,684.44,526595547,aab33a9a-29c3-4d50-84c1-8a2bc9256104
2019-11-01 00:00:17 UTC,view,1005161,2053013555631882655,electronics.smartphone,xiaomi,211.92,513351129,e6b7ce9b-1938-4e20-976c-8b4163aea11d
2019-11-01 00:00:17 UTC,view,21406939,2053013561579406073,electronics.clocks,tissot,895.78,513118352,4c14bf2a-2820-4504-929d-046356a5a204
2019-11-01 00:00:17 UTC,view,1800729,2053013554415534427,electronics.video.tv,samsung,289.33,515782589,f2081cf0-0ee3-4bf1-9b40-e5e580f9ace3
2019-11-01 00:00:17 UTC,view,43200121,2146660887346282824,apparel.tshirt,goodloot,8.73,566175330,680fb144-6940-4931-85e6-16dda8d4e2d5
2019-11-01 00:00:18 UTC,view,1003317,2053013555631882655,electronics.smartphone,apple,928.18,532647354,d2d3d2c6-631d-489e-9fb5-06f340b85be0
2019-11-01 00:00:18 UTC,view,16700826,2053013559901684381,furniture.kitchen.chair,nika,47.77,566255262,173d7b72-1db7-4638-8207-be8148bf3c9f
2019-11-01 00:00:20 UTC,view,1307095,2053013558920217191,computers.notebook,lenovo,385.85,520772685,816a59f3-f5ae-4ccd-9b23-82aa8c23d33c
2019-11-01 00:00:23 UTC,view,1004856,2053013555631882655,electronics.smartphone,samsung,128.42,436701163,50de79b1-b0ec-42c0-bbe0-8b5d2dc33e1e
2019-11-01 00:00:23 UTC,view,12300928,2053013556311359947,construction.tools.drill,dewalt,98.51,517081324,bd1d99b3-0c06-4e1c-a6fe-8c797ff574dc
2019-11-01 00:00:23 UTC,view,1004877,2053013555631882655,electronics.smartphone,xiaomi,84.65,516826105,55d5be8e-8a4f-4691-b192-93c9193e3b1d
2019-11-01 00:00:24 UTC,view,50600046,2134905044833666047,auto.accessories.compressor,denzel,157.28,513998949,a7b196d9-afe5-4dc8-9648-d578fef55abf
2019-11-01 00:00:26 UTC,view,16700690,2053013559901684381,furniture.kitchen.chair,mamadoma,34.75,566255262,173d7b72-1db7-4638-8207-be8148bf3c9f
2019-11-01 00:00:26 UTC,view,6500912,2053013554155487563,computers.components.motherboard,asus,287.83,512370912,daf0bf99-adf1-4877-8308-ae4557b6f01b
2019-11-01 00:00:27 UTC,view,1600557,2053013553056579841,computers.peripherals.printer,canon,151.14,552249856,ebfe62dd-197a-4696-9344-75b4d15f43a0
2019-11-01 00:00:27 UTC,view,1004237,2053013555631882655,electronics.smartphone,apple,1091.33,565404816,d9cf0ac4-c3ec-4e1f-83aa-326b1e7b1581
2019-11-01 00:00:28 UTC,view,4804295,2053013554658804075,electronics.audio.headphone,xiaomi,22.8,543653226,ab310b47-1eb2-45f8-8e5b-21ab2010925a
2019-11-01 00:00:28 UTC,view,1004990,2053013555631882655,electronics.smartphone,oppo,257.38,514171705,168955ad-db0f-4f0f-b71b-5dd8cfc9e113
2019-11-01 00:00:29 UTC,view,5701331,2053013553970938175,auto.accessories.player,ams,221.37,566279704,efd58a11-6fbf-4aa2-86c1-aad172f32fac
2019-11-01 00:00:29 UTC,view,1307338,2053013558920217191,computers.notebook,asus,849.42,530857208,c69f9c63-7098-426c-97d9-8cb94a0a1083
2019-11-01 00:00:30 UTC,view,1004767,2053013555631882655,electronics.smartphone,samsung,242.63,559213679,20a1a879-3cff-4d9a-9fc1-09bb9624e0d6
2019-11-01 00:00:31 UTC,view,32900064,2055156924407612189,accessories.bag,fisherman,48.43,565841773,5b102238-1d7c-455a-91b9-11a8299b3d7d
2019-11-01 00:00:35 UTC,view,2701305,2053013563911439225,appliances.kitchen.refrigerators,samsung,499.94,524356542,153f9818-4d32-4e8b-ba9f-f355094e8ae4
2019-11-01 00:00:35 UTC,view,4804151,2053013554658804075,electronics.audio.headphone,acme,51.22,565731881,5d8cb7aa-ca44-4705-809d-53c97b497e16
2019-11-01 00:00:36 UTC,view,1004184,2053013555631882655,electronics.smartphone,xiaomi,463.15,520088904,4d3b30da-a5e4-49df-b1a8-ba5943f1dd33
2019-11-01 00:00:36 UTC,view,1003316,2053013555631882655,electronics.smartphone,apple,928.38,544501248,e330d051-37ad-4dc3-b1ee-ff16a28b7998
2019-11-01 00:00:37 UTC,view,21408240,2053013561579406073,electronics.clocks,tissot,861.28,513118352,4c14bf2a-2820-4504-929d-046356a5a204
2019-11-01 00:00:39 UTC,view,6700582,2053013554247762257,computers.components.videocards,palit,170.63,543124499,58d5c559-5358-48bb-9f25-9a0d43297f9b
2019-11-01 00:00:40 UTC,view,1005116,2053013555631882655,electronics.smartphone,apple,1013.86,532647354,d2d3d2c6-631d-489e-9fb5-06f340b85be0
2019-11-01 00:00:40 UTC,view,1307115,2053013558920217191,computers.notebook,hp,411.59,514028527,df8184cc-3694-4549-8c8c-6b5171877376
2019-11-01 00:00:41 UTC,view,1004241,2053013555631882655,electronics.smartphone,apple,1173.6,565404816,d9cf0ac4-c3ec-4e1f-83aa-326b1e7b1581
2019-11-01 00:00:41 UTC,view,1307322,2053013558920217191,computers.notebook,hp,390.98,520772685,816a59f3-f5ae-4ccd-9b23-82aa8c23d33c
2019-11-01 00:00:41 UTC,view,1004237,2053013555631882655,electronics.smartphone,apple,1091.33,519277091,62fadce6-aa4a-4dde-92fc-c04c22982df5
2019-11-01 00:00:41 UTC,view,1004840,2053013555631882655,electronics.smartphone,huawei,946.73,565059361,42eaf6de-3804-46ca-94ea-2ac12834ff70
2019-11-01 00:00:42 UTC,view,2700598,2053013563911439225,appliances.kitchen.refrigerators,indesit,314.08,539701280,a9e5a322-c765-d52d-b382-07af17908468
2019-11-01 00:00:45 UTC,view,12301394,2053013556311359947,construction.tools.drill,dewalt,226.83,517081324,bd1d99b3-0c06-4e1c-a6fe-8c797ff574dc
2019-11-01 00:00:46 UTC,view,1307255,2053013558920217191,computers.notebook,lenovo,514.79,557799444,242b6d4d-720e-49a0-9928-06e4c5d24b3d
2019-11-01 00:00:47 UTC,view,1003461,2053013555631882655,electronics.smartphone,xiaomi,489.07,520088904,4d3b30da-a5e4-49df-b1a8-ba5943f1dd33
2019-11-01 00:00:49 UTC,view,1004834,2053013555631882655,electronics.smartphone,samsung,172.22,566265908,52c2c76c-b79e-4794-86ff-badc76d35f5a
2019-11-01 00:00:49 UTC,view,1004833,2053013555631882655,electronics.smartphone,samsung,172.23,553334193,785adf39-23b3-42f7-b96d-9710da3766fa
2019-11-01 00:00:50 UTC,view,5800506,2053013553945772349,electronics.audio.subwoofer,avatar,41.19,551943550,9c5bc5aa-1b0a-48f9-963c-e04aa3163bbc
2019-11-01 00:00:50 UTC,view,1005234,2053013555631882655,electronics.smartphone,xiaomi,398.72,520088904,4d3b30da-a5e4-49df-b1a8-ba5943f1dd33
2019-11-01 00:00:51 UTC,view,1307012,2053013558920217191,computers.notebook,apple,2342.15,530857208,c69f9c63-7098-426c-97d9-8cb94a0a1083
2019-11-01 00:00:51 UTC,view,21408240,2053013561579406073,electronics.clocks,tissot,861.28,513118352,4c14bf2a-2820-4504-929d-046356a5a204
2019-11-01 00:00:53 UTC,view,1307065,2053013558920217191,computers.notebook,hp,406.68,520772685,816a59f3-f5ae-4ccd-9b23-82aa8c23d33c
2019-11-01 00:00:55 UTC,view,1307519,2053013558920217191,computers.notebook,acer,1209.55,536638900,e1e8125d-da26-49ee-a6fa-78b3ff8dc341
2019-11-01 00:00:56 UTC,view,50600085,2134905044833666047,auto.accessories.compressor,laston,113.93,513998949,a7b196d9-afe5-4dc8-9648-d578fef55abf
2019-11-01 00:00:56 UTC,view,1003316,2053013555631882655,electronics.smartphone,apple,928.38,544501248,e330d051-37ad-4dc3-b1ee-ff16a28b7998
2019-11-01 00:00:56 UTC,view,30000218,2127425436764865054,construction.tools.welding,magnetta,254.78,515240495,0253151d-5c84-4809-ba02-38ac405494e1
2019-11-01 00:00:58 UTC,view,1004322,2053013555631882655,electronics.smartphone,huawei,334.37,566280567,8cd74350-34e7-423b-ab02-53108a89354b
2019-11-01 00:00:59 UTC,view,1004767,2053013555631882655,electronics.smartphone,samsung,242.63,531148230,57a91bce-a1fb-4609-bb26-d53430dc6618
2019-11-01 00:01:01 UTC,view,5000088,2053013566100866035,appliances.sewing_machine,janome,293.65,550437059,06748e12-e59a-4111-b5bb-978618c6156d
2019-11-01 00:01:01 UTC,view,4804295,2053013554658804075,electronics.audio.headphone,xiaomi,22.8,543653226,ab310b47-1eb2-45f8-8e5b-21ab2010925a
2019-11-01 00:01:01 UTC,view,1600587,2053013553056579841,computers.peripherals.printer,epson,203.84,552249856,ebfe62dd-197a-4696-9344-75b4d15f43a0
2019-11-01 00:01:02 UTC,view,1004720,2053013555631882655,electronics.smartphone,huawei,125.61,566143627,aa610ab3-5c60-4551-8a2b-8c999dddf843
2019-11-01 00:01:02 UTC,view,4600603,2053013563944993659,appliances.kitchen.dishwasher,bosch,684.44,526595547,aab33a9a-29c3-4d50-84c1-8a2bc9256104
2019-11-01 00:01:02 UTC,view,1004856,2053013555631882655,electronics.smartphone,samsung,128.42,518398361,282cd4e9-b89a-42c2-b04d-0ffdd119d3c3
2019-11-01 00:01:03 UTC,view,1005116,2053013555631882655,electronics.smartphone,apple,1013.86,544896141,80a43be5-1e98-44ec-b60e-5c107c51c839
2019-11-01 00:01:03 UTC,view,4600541,2053013563944993659,appliances.kitchen.dishwasher,beko,298.16,527322328,5054190a-46cb-4211-a8f1-16fc1a060ed8
2019-11-01 00:01:03 UTC,view,1306571,2053013558920217191,computers.notebook,acer,2312.8,530857208,c69f9c63-7098-426c-97d9-8cb94a0a1083
2019-11-01 00:01:03 UTC,view,5700352,2053013553970938175,auto.accessories.player,pioneer,229.09,566279704,efd58a11-6fbf-4aa2-86c1-aad172f32fac
2019-11-01 00:01:03 UTC,view,53900036,2144916515806248980,construction.tools.saw,dwt,48.35,565386300,87fa5d96-59bd-465c-87fb-8aac39baa571
2019-11-01 00:01:03 UTC,view,1003869,2053013555631882655,electronics.smartphone,xiaomi,167.02,532572658,b1df0fce-6e03-47cc-b777-782b77b1b100
2019-11-01 00:01:04 UTC,purchase,1005161,2053013555631882655,electronics.smartphone,xiaomi,211.92,513351129,e6b7ce9b-1938-4e20-976c-8b4163aea11d
2019-11-01 00:01:05 UTC,view,5100797,2053013553341792533,electronics.clocks,garmin,2239.44,521368162,375da15e-023b-47a5-88f9-828c28637359
2019-11-01 00:01:08 UTC,view,1305977,2053013558920217191,computers.notebook,apple,2496.59,530857208,c69f9c63-7098-426c-97d9-8cb94a0a1083
2019-11-01 00:01:09 UTC,view,2702611,2053013563911439225,appliances.kitchen.refrigerators,arg,128.68,559215873,26ca9bd8-21bd-47b9-b227-b6a083bde2a7
2019-11-01 00:01:09 UTC,view,1004779,2053013555631882655,electronics.smartphone,xiaomi,195.37,546964762,076ca666-e8fd-49d3-a2e2-24b953ef7f9e
2019-11-01 00:01:10 UTC,view,5701331,2053013553970938175,auto.accessories.player,ams,221.37,566279704,efd58a11-6fbf-4aa2-86c1-aad172f32fac
2019-11-01 00:01:10 UTC,view,16900083,2053013558433677895,furniture.kitchen.table,brw,207.21,548719875,68bc6a85-ba5a-4688-a95f-bc506bcd1d40
2019-11-01 00:01:11 UTC,view,5801483,2053013553945772349,electronics.audio.subwoofer,pioneer,58.69,549568904,d3f29ad2-b967-4655-8dca-70fe7bd89821
2019-11-01 00:01:12 UTC,view,45601414,2116907524572577889,apparel.shoes,pablosky,65.38,526996709,bd8f1103-1001-4b69-9106-da32f2c62653
2019-11-01 00:01:13 UTC,view,1004740,2053013555631882655,electronics.smartphone,xiaomi,218.51,566130559,77672984-75f0-41cb-a3a2-1994bfc127b1
2019-11-01 00:01:14 UTC,view,12300231,2053013556311359947,construction.tools.drill,dewalt,150.95,517081324,bd1d99b3-0c06-4e1c-a6fe-8c797ff574dc
2019-11-01 00:01:16 UTC,view,1004748,2053013555631882655,electronics.smartphone,huawei,127.33,566143627,aa610ab3-5c60-4551-8a2b-8c999dddf843
2019-11-01 00:01:17 UTC,view,42900023,2098563450757186313,construction.tools.light,stanley,29.86,512651494,f603c815-f51a-46fe-9404-cb586e35edaf
2019-11-01 00:01:18 UTC,view,1306895,2053013558920217191,computers.notebook,hp,411.34,520772685,816a59f3-f5ae-4ccd-9b23-82aa8c23d33c
2019-11-01 00:01:20 UTC,view,21400135,2053013561579406073,electronics.clocks,casio,165.26,565921426,f7ad8fc9-15ee-4c4d-bfda-1f80311d24bf
2019-11-01 00:01:21 UTC,view,57300036,2173216765583032544,apparel.shirt,jordan,102.71,545220871,f278cca0-e0f6-49a3-819a-d961998282d5
2019-11-01 00:01:21 UTC,view,40900007,2127425434894205468,construction.tools.painting,fubag,24.71,513998949,a7b196d9-afe5-4dc8-9648-d578fef55abf
2019-11-01 00:01:21 UTC,view,21405259,2053013561579406073,electronics.clocks,armani,293.44,553802615,e09684bb-0c95-4f67-98d1-59fc593f3890
2019-11-01 00:01:22 UTC,view,5701331,2053013553970938175,auto.accessories.player,ams,221.37,566279704,efd58a11-6fbf-4aa2-86c1-aad172f32fac
2019-11-01 00:01:22 UTC,view,1004775,2053013555631882655,electronics.smartphone,xiaomi,183.27,558856683,313628f1-68b8-460d-84f6-cec7a8796ef2
2019-11-01 00:01:22 UTC,view,1303355,2053013558920217191,computers.notebook,hp,432.42,514028527,df8184cc-3694-4549-8c8c-6b5171877376
2019-11-01 00:01:23 UTC,view,21407128,2053013561579406073,electronics.clocks,tissot,380.96,513118352,4c14bf2a-2820-4504-929d-046356a5a204
2019-11-01 00:01:23 UTC,view,5100855,2053013553341792533,electronics.clocks,apple,552.14,514314020,a44ac748-76ec-479b-9415-6dbfaaede28e
2019-11-01 00:01:24 UTC,view,5801550,2053013553945772349,electronics.audio.subwoofer,alphard,38.61,551943550,9c5bc5aa-1b0a-48f9-963c-e04aa3163bbc
2019-11-01 00:01:24 UTC,view,4804420,2053013554658804075,electronics.audio.headphone,hp,67.84,566280399,63dd0460-2ee7-4df3-a0b0-17d78f3029a2
2019-11-01 00:01:24 UTC,view,1304315,2053013558920217191,computers.notebook,apple,2311.49,530857208,c69f9c63-7098-426c-97d9-8cb94a0a1083
2019-11-01 00:01:24 UTC,view,5801656,2053013553945772349,electronics.audio.subwoofer,element,133.83,549568904,d3f29ad2-b967-4655-8dca-70fe7bd89821
2019-11-01 00:01:26 UTC,view,1004258,2053013555631882655,electronics.smartphone,apple,732.07,532647354,d2d3d2c6-631d-489e-9fb5-06f340b85be0
2019-11-01 00:01:26 UTC,view,4600355,2053013563944993659,appliances.kitchen.dishwasher,gorenje,498.64,526595547,aab33a9a-29c3-4d50-84c1-8a2bc9256104
2019-11-01 00:01:26 UTC,view,1002528,2053013555631882655,electronics.smartphone,apple,617.52,549256216,dcbdc6e4-cd49-4ee8-95c5-e85f3c618fa1
2019-11-01 00:01:28 UTC,view,1004849,2053013555631882655,electronics.smartphone,huawei,946.73,566143627,aa610ab3-5c60-4551-8a2b-8c999dddf843
2019-11-01 00:01:28 UTC,view,1004767,2053013555631882655,electronics.smartphone,samsung,242.63,520200322,4f8ae560-9145-4735-b0f6-bf5ec69b3926
2019-11-01 00:01:30 UTC,view,4804056,2053013554658804075,electronics.audio.headphone,apple,160.57,531584589,77d78dd0-90c2-4343-a379-fbef93a62ffe
2019-11-01 00:01:32 UTC,view,1005239,2053013555631882655,electronics.smartphone,xiaomi,280.57,513198013,5f5e7618-afc5-41c9-abaf-dde70dd8dd50
2019-11-01 00:01:32 UTC,view,2701659,2053013563911439225,appliances.kitchen.refrigerators,bosch,450.44,513172380,071a6b99-8a1e-48cf-8816-b6ff3f2c38cd
2019-11-01 00:01:33 UTC,view,1004870,2053013555631882655,electronics.smartphone,samsung,275.25,518956209,6764041a-9285-4869-8a32-a79adf31d212
2019-11-01 00:01:35 UTC,view,40900007,2127425434894205468,construction.tools.painting,fubag,24.71,513998949,a7b196d9-afe5-4dc8-9648-d578fef55abf
2019-11-01 00:01:35 UTC,view,16800592,2053013558316237377,furniture.kitchen.table,komfort-s,39.36,529388957,f6835635-57e4-45f7-97e7-383abc59c152
2019-11-01 00:01:36 UTC,view,3900776,2053013552326770905,appliances.environment.water_heater,artel,85.82,546785232,779aacbc-349e-4016-8959-da2e161dc334
2019-11-01 00:01:37 UTC,view,1307519,2053013558920217191,computers.notebook,acer,1209.55,536638900,e1e8125d-da26-49ee-a6fa-78b3ff8dc341
2019-11-01 00:01:37 UTC,view,1005116,2053013555631882655,electronics.smartphone,apple,1013.86,532647354,d2d3d2c6-631d-489e-9fb5-06f340b85be0
2019-11-01 00:01:39 UTC,view,1005008,2053013555631882655,electronics.smartphone,xiaomi,94.46,540866394,748b77d6-f17f-4a2a-a5d1-f3627479bcb0
2019-11-01 00:01:40 UTC,view,42900023,2098563450757186313,construction.tools.light,stanley,29.86,512651494,f603c815-f51a-46fe-9404-cb586e35edaf
2019-11-01 00:01:40 UTC,view,1307445,2053013558920217191,computers.notebook,acer,411.83,520772685,816a59f3-f5ae-4ccd-9b23-82aa8c23d33c
2019-11-01 00:01:40 UTC,view,16700656,2053013559901684381,furniture.kitchen.chair,domini,30.89,566280676,c7bc5bdb-2660-4272-8c10-2b5ce9e0be20
2019-11-01 00:01:41 UTC,view,57300037,2173216765583032544,apparel.shirt,jordan,102.71,545220871,f278cca0-e0f6-49a3-819a-d961998282d5
2019-11-01 00:01:43 UTC,view,30000218,2127425436764865054,construction.tools.welding,magnetta,254.78,515240495,0253151d-5c84-4809-ba02-38ac405494e1
2019-11-01 00:01:44 UTC,view,2701646,2053013563911439225,appliances.kitchen.refrigerators,indesit,268.49,539701280,a9e5a322-c765-d52d-b382-07af17908468
2019-11-01 00:01:44 UTC,view,53900036,2144916515806248980,construction.tools.saw,dwt,48.35,565386300,87fa5d96-59bd-465c-87fb-8aac39baa571
2019-11-01 00:01:46 UTC,view,21405232,2053013561579406073,electronics.clocks,armani,270.79,553802615,e09684bb-0c95-4f67-98d1-59fc593f3890
2019-11-01 00:01:46 UTC,view,29100071,2053013565941482475,appliances.personal.massager,bradex,12.36,566175330,680fb144-6940-4931-85e6-16dda8d4e2d5
2019-11-01 00:01:47 UTC,view,9200640,2053013552913973497,computers.peripherals.keyboard,defender,16.41,553074032,7f622e70-68f0-4995-ae4c-edf9ae7078bb
2019-11-01 00:01:48 UTC,view,4804671,2053013554658804075,electronics.audio.headphone,steelseries,66.67,566280399,63dd0460-2ee7-4df3-a0b0-17d78f3029a2
2019-11-01 00:01:48 UTC,view,1003898,2053013555631882655,electronics.smartphone,oneplus,540.3,520088904,4d3b30da-a5e4-49df-b1a8-ba5943f1dd33
2019-11-01 00:01:50 UTC,view,40900003,2127425434894205468,construction.tools.painting,fubag,13.0,513998949,a7b196d9-afe5-4dc8-9648-d578fef55abf
2019-11-01 00:01:52 UTC,view,1002532,2053013555631882655,electronics.smartphone,apple,532.57,549256216,dcbdc6e4-cd49-4ee8-95c5-e85f3c618fa1
2019-11-01 00:01:52 UTC,view,1307444,2053013558920217191,computers.notebook,asus,424.7,520772685,816a59f3-f5ae-4ccd-9b23-82aa8c23d33c
2019-11-01 00:01:52 UTC,view,1004785,2053013555631882655,electronics.smartphone,huawei,266.0,514171705,168955ad-db0f-4f0f-b71b-5dd8cfc9e113
2019-11-01 00:01:52 UTC,view,1002974,2053013555631882655,electronics.smartphone,huawei,149.3,566143627,aa610ab3-5c60-4551-8a2b-8c999dddf843
2019-11-01 00:01:53 UTC,view,1005123,2053013555631882655,electronics.smartphone,apple,1189.19,531148230,0099d475-0738-4fa7-befa-540ced85c256
2019-11-01 00:01:53 UTC,view,4600355,2053013563944993659,appliances.kitchen.dishwasher,gorenje,498.64,526595547,aab33a9a-29c3-4d50-84c1-8a2bc9256104
2019-11-01 00:01:56 UTC,view,1004877,2053013555631882655,electronics.smartphone,xiaomi,84.65,528269305,6dce75d2-e455-4e52-ab65-af16e36f64cb
2019-11-01 00:01:56 UTC,view,16700794,2053013559901684381,furniture.kitchen.chair,fly,17.25,546273062,0bed87a3-7bce-4222-ba0d-314316dca5f8
2019-11-01 00:01:57 UTC,view,1005161,2053013555631882655,electronics.smartphone,xiaomi,211.92,513351129,d3ff456e-0537-4c72-b126-752dd3e135db
2019-11-01 00:02:00 UTC,view,1004258,2053013555631882655,electronics.smartphone,apple,732.07,532647354,d2d3d2c6-631d-489e-9fb5-06f340b85be0
2019-11-01 00:02:01 UTC,view,6700985,2053013554247762257,computers.components.videocards,palit,334.31,545157048,c7e2474c-5059-4dc4-babf-d76753440df9
2019-11-01 00:02:01 UTC,view,40900071,2127425434894205468,construction.tools.painting,stels,52.12,513998949,a7b196d9-afe5-4dc8-9648-d578fef55abf
2019-11-01 00:02:02 UTC,view,1004873,2053013555631882655,electronics.smartphone,samsung,362.29,524356542,2f44a6ff-59aa-458c-acef-aee764d2ce10
2019-11-01 00:02:02 UTC,view,1004877,2053013555631882655,electronics.smartphone,xiaomi,84.65,516826105,55d5be8e-8a4f-4691-b192-93c9193e3b1d
2019-11-01 00:02:02 UTC,view,1800729,2053013554415534427,electronics.video.tv,samsung,289.33,515782589,f2081cf0-0ee3-4bf1-9b40-e5e580f9ace3
2019-11-01 00:02:03 UTC,view,21407399,2053013561579406073,electronics.clocks,tissot,947.26,513118352,4c14bf2a-2820-4504-929d-046356a5a204
2019-11-01 00:02:04 UTC,view,53900024,2144916515806248980,construction.tools.saw,dwt,66.36,565386300,87fa5d96-59bd-465c-87fb-8aac39baa571
2019-11-01 00:02:04 UTC,view,2702277,2053013563911439225,appliances.kitchen.refrigerators,lg,463.07,513172380,071a6b99-8a1e-48cf-8816-b6ff3f2c38cd
2019-11-01 00:02:06 UTC,view,1005115,2053013555631882655,electronics.smartphone,apple,949.47,518398361,282cd4e9-b89a-42c2-b04d-0ffdd119d3c3
2019-11-01 00:02:06 UTC,view,3600163,2053013563810775923,appliances.kitchen.washer,indesit,177.27,543653226,ab310b47-1eb2-45f8-8e5b-21ab2010925a
2019-11-01 00:02:07 UTC,view,1004794,2053013555631882655,electronics.smartphone,xiaomi,218.54,513198013,5f5e7618-afc5-41c9-abaf-dde70dd8dd50
2019-11-01 00:02:08 UTC,view,9002778,2053013553140465927,kids.toys,disney,10.35,566281096,b9b7e3e3-17f9-4877-a0f5-70719d1fffaf
2019-11-01 00:02:11 UTC,view,1004785,2053013555631882655,electronics.smartphone,huawei,266.0,514171705,168955ad-db0f-4f0f-b71b-5dd8cfc9e113
2019-11-01 00:02:11 UTC,view,5100797,2053013553341792533,electronics.clocks,garmin,2239.44,521368162,375da15e-023b-47a5-88f9-828c28637359
2019-11-01 00:02:11 UTC,view,1004836,2053013555631882655,electronics.smartphone,samsung,229.9,518956209,6764041a-9285-4869-8a32-a79adf31d212
2019-11-01 00:02:12 UTC,view,1307056,2053013558920217191,computers.notebook,apple,1338.5,530857208,c69f9c63-7098-426c-97d9-8cb94a0a1083
2019-11-01 00:02:13 UTC,view,1307444,2053013558920217191,computers.notebook,asus,424.7,520772685,816a59f3-f5ae-4ccd-9b23-82aa8c23d33c
2019-11-01 00:02:14 UTC,view,40900036,2127425434894205468,construction.tools.painting,matrix,17.48,513998949,a7b196d9-afe5-4dc8-9648-d578fef55abf
2019-11-01 00:02:14 UTC,view,9002778,2053013553140465927,kids.toys,disney,10.35,566281096,b9b7e3e3-17f9-4877-a0f5-70719d1fffaf
2019-11-01 00:02:14 UTC,view,1005006,2053013555631882655,electronics.smartphone,xiaomi,85.88,528269305,6dce75d2-e455-4e52-ab65-af16e36f64cb
2019-11-01 00:02:15 UTC,view,12300261,2053013556311359947,construction.tools.drill,dewalt,114.65,517081324,bd1d99b3-0c06-4e1c-a6fe-8c797ff574dc
2019-11-01 00:02:15 UTC,view,1004708,2053013555631882655,electronics.smartphone,huawei,151.99,566031393,8fbc7d60-6ae5-41c9-985c-cee9c52ab9ae
2019-11-01 00:02:16 UTC,view,1005014,2053013555631882655,electronics.smartphone,samsung,503.09,545503183,3cb2bcb7-e986-46fc-bef2-fc27ff2610c9
2019-11-01 00:02:17 UTC,view,1303355,2053013558920217191,computers.notebook,hp,432.42,514028527,df8184cc-3694-4549-8c8c-6b5171877376
2019-11-01 00:02:17 UTC,view,1003898,2053013555631882655,electronics.smartphone,oneplus,540.3,520088904,4d3b30da-a5e4-49df-b1a8-ba5943f1dd33
2019-11-01 00:02:18 UTC,view,5100566,2053013553341792533,electronics.clocks,apple,453.16,514877985,1746686f-822b-485d-9b2f-b24e8ec8b7ea
2019-11-01 00:02:18 UTC,view,1002524,2053013555631882655,electronics.smartphone,apple,531.26,549256216,dcbdc6e4-cd49-4ee8-95c5-e85f3c618fa1
2019-11-01 00:02:19 UTC,view,9200640,2053013552913973497,computers.peripherals.keyboard,defender,16.41,553074032,7f622e70-68f0-4995-ae4c-edf9ae7078bb
2019-11-01 00:02:19 UTC,view,1201486,2172371436436455782,electronics.tablet,irbis,88.63,514173771,e2e0c325-e3c0-4f77-83b7-a11d600f5dd3
2019-11-01 00:02:20 UTC,view,45602174,2116907524572577889,apparel.shoes,garvalin,35.26,526996709,bd8f1103-1001-4b69-9106-da32f2c62653
2019-11-01 00:02:21 UTC,view,1004856,2053013555631882655,electronics.smartphone,samsung,128.42,552158913,3489c69c-4a48-4884-8a80-9fc5107e9d0a
2019-11-01 00:02:21 UTC,view,1303355,2053013558920217191,computers.notebook,hp,432.42,520772685,816a59f3-f5ae-4ccd-9b23-82aa8c23d33c
2019-11-01 00:02:21 UTC,view,9002778,2053013553140465927,kids.toys,disney,10.35,566281096,b9b7e3e3-17f9-4877-a0f5-70719d1fffaf
2019-11-01 00:02:22 UTC,view,21407399,2053013561579406073,electronics.clocks,tissot,947.26,513118352,4c14bf2a-2820-4504-929d-046356a5a204
2019-11-01 00:02:22 UTC,view,1005195,2053013555631882655,electronics.smartphone,xiaomi,111.56,558343854,24b6bed4-c3a3-403c-81d6-acc398f5bb8b
2019-11-01 00:02:23 UTC,view,2702277,2053013563911439225,appliances.kitchen.refrigerators,lg,463.07,513172380,071a6b99-8a1e-48cf-8816-b6ff3f2c38cd
2019-11-01 00:02:23 UTC,view,1004794,2053013555631882655,electronics.smartphone,xiaomi,218.54,513198013,5f5e7618-afc5-41c9-abaf-dde70dd8dd50
2019-11-01 00:02:23 UTC,view,5100564,2053013553341792533,electronics.clocks,samsung,257.87,535384245,bd2a035c-9a97-48a5-9449-095f933b795f
2019-11-01 00:02:23 UTC,view,1004775,2053013555631882655,electronics.smartphone,xiaomi,183.27,558856683,313628f1-68b8-460d-84f6-cec7a8796ef2
2019-11-01 00:02:24 UTC,view,1003499,2053013555631882655,electronics.smartphone,oneplus,461.61,520088904,4d3b30da-a5e4-49df-b1a8-ba5943f1dd33
2019-11-01 00:02:24 UTC,view,29100071,2053013565941482475,appliances.personal.massager,bradex,12.36,566175330,680fb144-6940-4931-85e6-16dda8d4e2d5
2019-11-01 00:02:24 UTC,view,16700656,2053013559901684381,furniture.kitchen.chair,domini,30.89,546273062,0bed87a3-7bce-4222-ba0d-314316dca5f8
2019-11-01 00:02:25 UTC,view,3901090,2053013552326770905,appliances.environment.water_heater,oasis,25.48,513200477,742aba02-727b-4d15-9222-6484ac846173
2019-11-01 00:02:26 UTC,view,5800963,2053013553945772349,electronics.audio.subwoofer,infinity,87.52,551943550,9c5bc5aa-1b0a-48f9-963c-e04aa3163bbc
2019-11-01 00:02:26 UTC,view,28715777,2053013565228450757,apparel.shoes,nexpero,75.42,518621750,6d7138cd-b28a-4f0b-9238-ec30453316d7
2019-11-01 00:02:26 UTC,view,5800116,2053013553945772349,electronics.audio.subwoofer,hertz,90.98,566279704,efd58a11-6fbf-4aa2-86c1-aad172f32fac
2019-11-01 00:02:27 UTC,view,2401742,2053013563743667055,appliances.kitchen.hood,midea,128.68,515761354,b2da6f0a-6eeb-4502-b62e-dd3b4ce97ad1
2019-11-01 00:02:30 UTC,view,1004767,2053013555631882655,electronics.smartphone,samsung,242.63,552158913,3489c69c-4a48-4884-8a80-9fc5107e9d0a
2019-11-01 00:02:33 UTC,view,1004873,2053013555631882655,electronics.smartphone,samsung,362.29,520934632,27514f98-ca4a-416d-9540-dad3ac469c55
2019-11-01 00:02:33 UTC,view,1307435,2053013558920217191,computers.notebook,lenovo,449.95,520772685,816a59f3-f5ae-4ccd-9b23-82aa8c23d33c
2019-11-01 00:02:33 UTC,view,2700598,2053013563911439225,appliances.kitchen.refrigerators,indesit,314.08,539701280,a9e5a322-c765-d52d-b382-07af17908468
2019-11-01 00:02:36 UTC,view,1004042,2053013555631882655,electronics.smartphone,xiaomi,138.74,566265908,52c2c76c-b79e-4794-86ff-badc76d35f5a
2019-11-01 00:02:36 UTC,view,1004788,2053013555631882655,electronics.smartphone,xiaomi,138.71,532572658,b1df0fce-6e03-47cc-b777-782b77b1b100
2019-11-01 00:02:37 UTC,view,6500862,2053013554155487563,computers.components.motherboard,asrock,54.57,563976016,20cce19e-edef-4ad4-9e0c-4b3fa1f021b8
2019-11-01 00:02:38 UTC,view,1005195,2053013555631882655,electronics.smartphone,xiaomi,111.56,558343854,24b6bed4-c3a3-403c-81d6-acc398f5bb8b
2019-11-01 00:02:38 UTC,view,6700985,2053013554247762257,computers.components.videocards,palit,334.31,545157048,c7e2474c-5059-4dc4-babf-d76753440df9
2019-11-01 00:02:38 UTC,view,1004249,2053013555631882655,electronics.smartphone,apple,722.4,565731881,5d8cb7aa-ca44-4705-809d-53c97b497e16
2019-11-01 00:02:38 UTC,view,6500695,2053013554155487563,computers.components.motherboard,asus,248.66,512370912,daf0bf99-adf1-4877-8308-ae4557b6f01b
2019-11-01 00:02:40 UTC,view,10201206,2053013553224352013,kids.dolls,llorens,38.59,566281155,5b404885-d46a-4be6-82fc-c8f122e7e03f
2019-11-01 00:02:41 UTC,view,1003499,2053013555631882655,electronics.smartphone,oneplus,461.61,520088904,4d3b30da-a5e4-49df-b1a8-ba5943f1dd33
2019-11-01 00:02:41 UTC,view,1004258,2053013555631882655,electronics.smartphone,apple,732.07,532647354,d2d3d2c6-631d-489e-9fb5-06f340b85be0
2019-11-01 00:02:42 UTC,view,3701153,2053013565983425517,appliances.environment.vacuum,arnica,192.8,566278257,5cafe67a-3c46-4b47-a46a-ab30de4356bc
2019-11-01 00:02:42 UTC,view,29100071,2053013565941482475,appliances.personal.massager,bradex,12.36,566175330,680fb144-6940-4931-85e6-16dda8d4e2d5
2019-11-01 00:02:43 UTC,view,1800729,2053013554415534427,electronics.video.tv,samsung,289.33,515782589,f2081cf0-0ee3-4bf1-9b40-e5e580f9ace3
2019-11-01 00:02:43 UTC,view,3600700,2053013563810775923,appliances.kitchen.washer,hotpoint-ariston,307.58,565083463,7cd1796c-49c8-bd17-db04-240bb8ca5b21
2019-11-01 00:02:43 UTC,view,4600355,2053013563944993659,appliances.kitchen.dishwasher,gorenje,498.64,526595547,aab33a9a-29c3-4d50-84c1-8a2bc9256104
2019-11-01 00:02:44 UTC,view,2702050,2053013563911439225,appliances.kitchen.refrigerators,lg,488.81,513172380,071a6b99-8a1e-48cf-8816-b6ff3f2c38cd
2019-11-01 00:02:44 UTC,view,45600312,2116907524572577889,apparel.shoes,biomecanics,64.35,526996709,bd8f1103-1001-4b69-9106-da32f2c62653
2019-11-01 00:02:44 UTC,view,39900056,2086471240800797129,apparel.trousers,jordan,83.53,545220871,f278cca0-e0f6-49a3-819a-d961998282d5
2019-11-01 00:02:46 UTC,view,16700584,2053013559901684381,furniture.kitchen.chair,barneo,33.21,546273062,0bed87a3-7bce-4222-ba0d-314316dca5f8
2019-11-01 00:02:46 UTC,view,13600068,2053013557477376525,furniture.bathroom.bath,cersanit,111.46,518656487,a4fa3765-f630-436d-804d-cf768cee37de
2019-11-01 00:02:46 UTC,view,1004258,2053013555631882655,electronics.smartphone,apple,732.07,532647354,d2d3d2c6-631d-489e-9fb5-06f340b85be0
2019-11-01 00:02:47 UTC,view,5100734,2053013553341792533,electronics.clocks,garmin,759.22,514877985,1746686f-822b-485d-9b2f-b24e8ec8b7ea
2019-11-01 00:02:48 UTC,view,6500862,2053013554155487563,computers.components.motherboard,asrock,54.57,563976016,20cce19e-edef-4ad4-9e0c-4b3fa1f021b8
2019-11-01 00:02:48 UTC,view,1003898,2053013555631882655,electronics.smartphone,oneplus,540.3,520088904,4d3b30da-a5e4-49df-b1a8-ba5943f1dd33
2019-11-01 00:02:50 UTC,view,1802061,2053013554415534427,electronics.video.tv,lg,432.47,514035946,15895da2-d040-4b2c-b9a6-d1820239dbc5
2019-11-01 00:02:51 UTC,view,1004767,2053013555631882655,electronics.smartphone,samsung,242.63,552158913,3489c69c-4a48-4884-8a80-9fc5107e9d0a
2019-11-01 00:02:51 UTC,view,1307435,2053013558920217191,computers.notebook,lenovo,449.95,520772685,816a59f3-f5ae-4ccd-9b23-82aa8c23d33c
2019-11-01 00:02:51 UTC,view,29100090,2053013565941482475,appliances.personal.massager,masstone,13.9,566175330,680fb144-6940-4931-85e6-16dda8d4e2d5
2019-11-01 00:02:52 UTC,view,9200640,2053013552913973497,computers.peripherals.keyboard,defender,16.41,553074032,7f622e70-68f0-4995-ae4c-edf9ae7078bb
2019-11-01 00:02:53 UTC,view,6500695,2053013554155487563,computers.components.motherboard,asus,248.66,512370912,daf0bf99-adf1-4877-8308-ae4557b6f01b
2019-11-01 00:02:53 UTC,view,1005243,2053013555631882655,electronics.smartphone,vivo,463.31,565426063,fde83171-4dd2-4742-b371-0723c2299cea
2019-11-01 00:02:54 UTC,view,1004795,2053013555631882655,electronics.smartphone,xiaomi,218.54,513198013,5f5e7618-afc5-41c9-abaf-dde70dd8dd50
2019-11-01 00:02:54 UTC,view,4600667,2053013563944993659,appliances.kitchen.dishwasher,samsung,463.31,526595547,aab33a9a-29c3-4d50-84c1-8a2bc9256104
2019-11-01 00:02:56 UTC,view,1005135,2053013555631882655,electronics.smartphone,apple,1665.36,562210838,a58d94c8-c0d4-4f24-bf3c-04c4e69ea153
2019-11-01 00:02:56 UTC,view,1004720,2053013555631882655,electronics.smartphone,huawei,125.61,566031393,8fbc7d60-6ae5-41c9-985c-cee9c52ab9ae
2019-11-01 00:02:56 UTC,view,21411795,2053013561579406073,electronics.clocks,tissot,1353.45,513118352,4c14bf2a-2820-4504-929d-046356a5a204
2019-11-01 00:02:56 UTC,view,1801881,2053013554415534427,electronics.video.tv,samsung,488.8,557746614,4d76d6d3-fff5-4880-8327-e9e57b618e0e
2019-11-01 00:02:56 UTC,view,1002524,2053013555631882655,electronics.smartphone,apple,531.26,549256216,dcbdc6e4-cd49-4ee8-95c5-e85f3c618fa1
2019-11-01 00:02:56 UTC,view,53900024,2144916515806248980,construction.tools.saw,dwt,66.36,565386300,87fa5d96-59bd-465c-87fb-8aac39baa571
2019-11-01 00:02:58 UTC,view,1307183,2053013558920217191,computers.notebook,lenovo,450.44,520772685,816a59f3-f5ae-4ccd-9b23-82aa8c23d33c
2019-11-01 00:03:00 UTC,view,5100898,2053013553341792533,electronics.clocks,apple,640.69,514877985,1746686f-822b-485d-9b2f-b24e8ec8b7ea
2019-11-01 00:03:00 UTC,view,3600661,2053013563810775923,appliances.kitchen.washer,samsung,306.05,513457627,ad00c2a8-6336-4de6-8c15-a347a5e369b2
2019-11-01 00:03:01 UTC,view,1304409,2053013558920217191,computers.notebook,apple,1402.87,514171705,b937acaa-d00f-456f-a4cf-1b761b31d867
2019-11-01 00:03:03 UTC,view,1004433,2053013555631882655,electronics.smartphone,samsung,313.78,566281189,c34b1200-a257-4c22-8b5d-29b714d44a0a
2019-11-01 00:03:03 UTC,view,5801499,2053013553945772349,electronics.audio.subwoofer,phantom,18.28,551943550,9c5bc5aa-1b0a-48f9-963c-e04aa3163bbc
2019-11-01 00:03:03 UTC,view,1004893,2053013555631882655,electronics.smartphone,nokia,89.24,528269305,6dce75d2-e455-4e52-ab65-af16e36f64cb
2019-11-01 00:03:04 UTC,view,3901174,2053013552326770905,appliances.environment.water_heater,oasis,32.66,513200477,742aba02-727b-4d15-9222-6484ac846173
2019-11-01 00:03:05 UTC,view,1004833,2053013555631882655,electronics.smartphone,samsung,172.23,563746297,6505e036-e729-4e8b-9115-7ef4892f7858
2019-11-01 00:03:05 UTC,view,1004433,2053013555631882655,electronics.smartphone,samsung,313.78,566281189,c34b1200-a257-4c22-8b5d-29b714d44a0a
2019-11-01 00:03:07 UTC,view,7004509,2053013560346280633,kids.carriage,belecoo,100.88,517100968,f18bdf17-fef4-4b39-a569-fe942ee969f3
2019-11-01 00:03:07 UTC,view,16700656,2053013559901684381,furniture.kitchen.chair,domini,30.89,546273062,0bed87a3-7bce-4222-ba0d-314316dca5f8
2019-11-01 00:03:07 UTC,view,29100051,2053013565941482475,appliances.personal.massager,smile,17.72,566175330,680fb144-6940-4931-85e6-16dda8d4e2d5
2019-11-01 00:03:07 UTC,view,1307402,2053013558920217191,computers.notebook,lenovo,475.69,520772685,816a59f3-f5ae-4ccd-9b23-82aa8c23d33c
2019-11-01 00:03:08 UTC,view,1005193,2053013555631882655,electronics.smartphone,meizu,241.71,541781462,a4f2f6a4-2e0c-7195-0240-659fbb5a6534
2019-11-01 00:03:09 UTC,view,10201206,2053013553224352013,kids.dolls,llorens,38.59,538620608,792e0551-a420-413c-96ad-4484f7ec48e8
2019-11-01 00:03:11 UTC,view,1005115,2053013555631882655,electronics.smartphone,apple,949.47,565865924,fd4bd6d4-bd14-4fdc-9aff-bd41a594f82e
2019-11-01 00:03:14 UTC,view,6700484,2053013554247762257,computers.components.videocards,palit,141.32,545157048,c7e2474c-5059-4dc4-babf-d76753440df9
2019-11-01 00:03:14 UTC,view,28715777,2053013565228450757,apparel.shoes,nexpero,75.42,518621750,6d7138cd-b28a-4f0b-9238-ec30453316d7
2019-11-01 00:03:16 UTC,view,2701306,2053013563911439225,appliances.kitchen.refrigerators,samsung,514.78,513172380,071a6b99-8a1e-48cf-8816-b6ff3f2c38cd
2019-11-01 00:03:18 UTC,view,13600068,2053013557477376525,furniture.bathroom.bath,cersanit,111.46,518656487,a4fa3765-f630-436d-804d-cf768cee37de
2019-11-01 00:03:18 UTC,view,5100736,2053013553341792533,electronics.clocks,apple,592.01,514877985,1746686f-822b-485d-9b2f-b24e8ec8b7ea
2019-11-01 00:03:19 UTC,view,2401742,2053013563743667055,appliances.kitchen.hood,midea,128.68,515761354,b2da6f0a-6eeb-4502-b62e-dd3b4ce97ad1
2019-11-01 00:03:20 UTC,view,3900776,2053013552326770905,appliances.environment.water_heater,artel,85.82,546785232,779aacbc-349e-4016-8959-da2e161dc334
2019-11-01 00:03:21 UTC,view,1004258,2053013555631882655,electronics.smartphone,apple,732.07,532647354,d2d3d2c6-631d-489e-9fb5-06f340b85be0
2019-11-01 00:03:21 UTC,view,1005100,2053013555631882655,electronics.smartphone,samsung,139.68,552158913,3489c69c-4a48-4884-8a80-9fc5107e9d0a
2019-11-01 00:03:21 UTC,view,1201202,2172371436436455782,electronics.tablet,lenovo,230.38,514173771,e2e0c325-e3c0-4f77-83b7-a11d600f5dd3
2019-11-01 00:03:22 UTC,view,1004740,2053013555631882655,electronics.smartphone,xiaomi,218.51,566130559,77672984-75f0-41cb-a3a2-1994bfc127b1
2019-11-01 00:03:22 UTC,view,1004795,2053013555631882655,electronics.smartphone,xiaomi,218.54,513198013,5f5e7618-afc5-41c9-abaf-dde70dd8dd50
2019-11-01 00:03:22 UTC,view,1201486,2172371436436455782,electronics.tablet,irbis,88.63,514173771,e2e0c325-e3c0-4f77-83b7-a11d600f5dd3
2019-11-01 00:03:22 UTC,view,3601405,2053013563810775923,appliances.kitchen.washer,beko,180.16,517399020,1cffc608-9a32-4f7a-ac63-ae34b73f4baf
2019-11-01 00:03:23 UTC,view,1005204,2053013555631882655,electronics.smartphone,xiaomi,150.97,558343854,24b6bed4-c3a3-403c-81d6-acc398f5bb8b
2019-11-01 00:03:24 UTC,view,3600700,2053013563810775923,appliances.kitchen.washer,hotpoint-ariston,307.58,565083463,7cd1796c-49c8-bd17-db04-240bb8ca5b21
2019-11-01 00:03:24 UTC,cart,1801881,2053013554415534427,electronics.video.tv,samsung,488.8,557746614,4d76d6d3-fff5-4880-8327-e9e57b618e0e
2019-11-01 00:03:24 UTC,view,1004886,2053013555631882655,electronics.smartphone,oppo,128.68,518398361,282cd4e9-b89a-42c2-b04d-0ffdd119d3c3
2019-11-01 00:03:24 UTC,view,4600007,2053013563944993659,appliances.kitchen.dishwasher,bosch,523.8,526595547,aab33a9a-29c3-4d50-84c1-8a2bc9256104
2019-11-01 00:03:25 UTC,view,1004434,2053013555631882655,electronics.smartphone,samsung,313.78,566281189,c34b1200-a257-4c22-8b5d-29b714d44a0a
2019-11-01 00:03:25 UTC,view,21406912,2053013561579406073,electronics.clocks,tissot,854.59,513118352,4c14bf2a-2820-4504-929d-046356a5a204
2019-11-01 00:03:27 UTC,view,3900339,2053013552326770905,appliances.environment.water_heater,aqua,30.86,513200477,742aba02-727b-4d15-9222-6484ac846173
2019-11-01 00:03:27 UTC,view,1005105,2053013555631882655,electronics.smartphone,apple,1348.61,566281229,0fa56d83-3069-4b96-8dbe-3a13f06c6afd
2019-11-01 00:03:28 UTC,view,1004767,2053013555631882655,electronics.smartphone,samsung,242.63,566279874,c14d7536-61b6-481c-9a6c-9ff2c21795ce
2019-11-01 00:03:30 UTC,view,29100051,2053013565941482475,appliances.personal.massager,smile,17.72,566175330,680fb144-6940-4931-85e6-16dda8d4e2d5
2019-11-01 00:03:31 UTC,view,2401540,2053013563743667055,appliances.kitchen.hood,midea,167.29,515761354,b2da6f0a-6eeb-4502-b62e-dd3b4ce97ad1
2019-11-01 00:03:32 UTC,view,1005106,2053013555631882655,electronics.smartphone,apple,1453.0,519659999,10873c96-e7d8-4d98-9122-aab4bad6fbfe
2019-11-01 00:03:33 UTC,view,1307541,2053013558920217191,computers.notebook,asus,492.93,520772685,816a59f3-f5ae-4ccd-9b23-82aa8c23d33c
2019-11-01 00:03:33 UTC,view,1005105,2053013555631882655,electronics.smartphone,apple,1348.61,566281229,0fa56d83-3069-4b96-8dbe-3a13f06c6afd
2019-11-01 00:03:34 UTC,view,1801766,2053013554415534427,electronics.video.tv,artel,146.85,543653226,ab310b47-1eb2-45f8-8e5b-21ab2010925a
2019-11-01 00:03:34 UTC,view,28720765,2053013565228450757,apparel.shoes,fly,89.58,518621750,6d7138cd-b28a-4f0b-9238-ec30453316d7
2019-11-01 00:03:36 UTC,view,1306339,2053013558920217191,computers.notebook,hp,514.79,514028527,df8184cc-3694-4549-8c8c-6b5171877376
2019-11-01 00:03:36 UTC,view,1004975,2053013555631882655,electronics.smartphone,samsung,771.94,513938665,f31a988a-f70d-48ea-84a8-bd2389282e38
2019-11-01 00:03:37 UTC,view,1003712,2053013555631882655,electronics.smartphone,samsung,720.22,521543283,c551227f-2b82-462d-97fd-55eb063d8584
2019-11-01 00:03:37 UTC,view,16700057,2053013559901684381,furniture.kitchen.chair,domini,97.81,546273062,0bed87a3-7bce-4222-ba0d-314316dca5f8
2019-11-01 00:03:38 UTC,view,1005157,2053013555631882655,electronics.smartphone,xiaomi,269.78,513198013,5f5e7618-afc5-41c9-abaf-dde70dd8dd50
2019-11-01 00:03:38 UTC,view,17000107,2053013558391734853,computers.desktop,sv,195.35,548719875,68bc6a85-ba5a-4688-a95f-bc506bcd1d40
2019-11-01 00:03:39 UTC,cart,1005115,2053013555631882655,electronics.smartphone,apple,949.47,565865924,fd4bd6d4-bd14-4fdc-9aff-bd41a594f82e
2019-11-01 00:03:40 UTC,view,5100857,2053013553341792533,electronics.clocks,apple,554.96,514877985,1746686f-822b-485d-9b2f-b24e8ec8b7ea
2019-11-01 00:03:41 UTC,view,1801766,2053013554415534427,electronics.video.tv,artel,146.85,543653226,ab310b47-1eb2-45f8-8e5b-21ab2010925a
2019-11-01 00:03:44 UTC,view,1201421,2172371436436455782,electronics.tablet,lenovo,128.42,514173771,e2e0c325-e3c0-4f77-83b7-a11d600f5dd3
2019-11-01 00:03:44 UTC,view,1005211,2053013555631882655,electronics.smartphone,samsung,193.26,556226281,3aa2b23a-a633-441f-8c62-9d30c6d76591
2019-11-01 00:03:45 UTC,view,1801343,2053013554415534427,electronics.video.tv,toshiba,370.67,514035946,15895da2-d040-4b2c-b9a6-d1820239dbc5
2019-11-01 00:03:45 UTC,view,5801217,2053013553945772349,electronics.audio.subwoofer,kenwood,72.07,551943550,9c5bc5aa-1b0a-48f9-963c-e04aa3163bbc
2019-11-01 00:03:46 UTC,view,6501081,2053013554155487563,computers.components.motherboard,gigabyte,38.75,563976016,20cce19e-edef-4ad4-9e0c-4b3fa1f021b8
2019-11-01 00:03:48 UTC,view,1005100,2053013555631882655,electronics.smartphone,samsung,139.68,552158913,3489c69c-4a48-4884-8a80-9fc5107e9d0a
2019-11-01 00:03:49 UTC,view,6700484,2053013554247762257,computers.components.videocards,palit,141.32,545157048,c7e2474c-5059-4dc4-babf-d76753440df9
2019-11-01 00:03:49 UTC,view,1003709,2053013555631882655,electronics.smartphone,samsung,563.7,521543283,c551227f-2b82-462d-97fd-55eb063d8584
2019-11-01 00:03:49 UTC,view,16700794,2053013559901684381,furniture.kitchen.chair,fly,17.25,546273062,0bed87a3-7bce-4222-ba0d-314316dca5f8
2019-11-01 00:03:49 UTC,view,5100855,2053013553341792533,electronics.clocks,apple,552.14,514877985,1746686f-822b-485d-9b2f-b24e8ec8b7ea
2019-11-01 00:03:50 UTC,view,1005204,2053013555631882655,electronics.smartphone,xiaomi,150.97,558343854,24b6bed4-c3a3-403c-81d6-acc398f5bb8b
2019-11-01 00:03:50 UTC,view,1005272,2053013555631882655,electronics.smartphone,nokia,107.57,528269305,6dce75d2-e455-4e52-ab65-af16e36f64cb
2019-11-01 00:03:51 UTC,view,1304409,2053013558920217191,computers.notebook,apple,1402.87,514171705,b937acaa-d00f-456f-a4cf-1b761b31d867
2019-11-01 00:03:51 UTC,view,12201347,2116907525176557699,sport.bicycle,phoenix,179.89,566281255,bb6dc267-92e5-40c1-b279-a9eb3dd16b61
2019-11-01 00:03:51 UTC,view,1801849,2053013554415534427,electronics.video.tv,samsung,617.44,520601923,c6e468f6-f677-4bfe-b395-4293743d0007
2019-11-01 00:03:51 UTC,view,1004794,2053013555631882655,electronics.smartphone,xiaomi,218.54,564280011,78fcfe93-d480-4b54-abf7-66aa8b152756
2019-11-01 00:03:52 UTC,view,1002542,2053013555631882655,electronics.smartphone,apple,486.8,549256216,dcbdc6e4-cd49-4ee8-95c5-e85f3c618fa1
2019-11-01 00:03:52 UTC,view,53900039,2144916515806248980,construction.tools.saw,graphite,85.29,565386300,87fa5d96-59bd-465c-87fb-8aac39baa571
2019-11-01 00:03:53 UTC,view,3601437,2053013563810775923,appliances.kitchen.washer,lg,390.35,566281211,621493c3-2aeb-47ff-9630-3d22080f8161
2019-11-01 00:03:54 UTC,view,29100011,2053013565941482475,appliances.personal.massager,gezatone,30.12,566175330,680fb144-6940-4931-85e6-16dda8d4e2d5
2019-11-01 00:03:54 UTC,view,16700057,2053013559901684381,furniture.kitchen.chair,domini,97.81,546273062,0bed87a3-7bce-4222-ba0d-314316dca5f8
2019-11-01 00:03:54 UTC,view,1005157,2053013555631882655,electronics.smartphone,xiaomi,269.78,513198013,5f5e7618-afc5-41c9-abaf-dde70dd8dd50
2019-11-01 00:03:55 UTC,view,3900003,2053013552326770905,appliances.environment.water_heater,ariston,112.13,546785232,779aacbc-349e-4016-8959-da2e161dc334
2019-11-01 00:03:56 UTC,view,13600068,2053013557477376525,furniture.bathroom.bath,cersanit,111.46,518656487,a4fa3765-f630-436d-804d-cf768cee37de
2019-11-01 00:03:57 UTC,view,1004250,2053013555631882655,electronics.smartphone,apple,787.5,562210838,a58d94c8-c0d4-4f24-bf3c-04c4e69ea153
2019-11-01 00:03:58 UTC,view,1306185,2053013558920217191,computers.notebook,acer,360.34,548875301,726a6477-7e61-40fd-9391-d1797dcc01be
2019-11-01 00:04:00 UTC,view,21411808,2053013561579406073,electronics.clocks,tissot,1050.22,513118352,4c14bf2a-2820-4504-929d-046356a5a204
2019-11-01 00:04:01 UTC,view,5100744,2053013553341792533,electronics.clocks,apple,551.41,514877985,1746686f-822b-485d-9b2f-b24e8ec8b7ea
2019-11-01 00:04:01 UTC,view,1004720,2053013555631882655,electronics.smartphone,huawei,125.61,566031393,8fbc7d60-6ae5-41c9-985c-cee9c52ab9ae
2019-11-01 00:04:02 UTC,view,1004788,2053013555631882655,electronics.smartphone,xiaomi,138.71,515998531,6f4136a7-a02e-40cb-a432-9c1663e56c34
2019-11-01 00:04:04 UTC,view,1800931,2053013554415534427,electronics.video.tv,sony,384.74,556727865,8a62e764-2e34-4122-9842-349faabbe5d8
2019-11-01 00:04:05 UTC,view,3600700,2053013563810775923,appliances.kitchen.washer,hotpoint-ariston,307.58,565083463,7cd1796c-49c8-bd17-db04-240bb8ca5b21
2019-11-01 00:04:05 UTC,view,28715839,2053013565127787455,apparel.shoes,rooman,48.39,545220871,fa5820b7-d974-4a8f-9b84-51d9e1aa5dd3
2019-11-01 00:04:05 UTC,view,1307539,2053013558920217191,computers.notebook,asus,476.18,520772685,816a59f3-f5ae-4ccd-9b23-82aa8c23d33c
2019-11-01 00:04:06 UTC,view,8801042,2053013555573162395,electronics.telephone,inoi,15.08,519902359,fc530bab-b1c5-4c7f-9bbe-3dfbaecaa701
2019-11-01 00:04:06 UTC,view,10201213,2053013553224352013,kids.dolls,llorens,48.88,538620608,792e0551-a420-413c-96ad-4484f7ec48e8
2019-11-01 00:04:07 UTC,view,1801766,2053013554415534427,electronics.video.tv,artel,146.85,543653226,ab310b47-1eb2-45f8-8e5b-21ab2010925a
2019-11-01 00:04:08 UTC,view,1005115,2053013555631882655,electronics.smartphone,apple,949.47,550161284,4ac5c6d9-90d8-4896-8cf3-713bdec5be41
2019-11-01 00:04:09 UTC,view,1004249,2053013555631882655,electronics.smartphone,apple,722.4,565731881,5d8cb7aa-ca44-4705-809d-53c97b497e16
2019-11-01 00:04:09 UTC,view,1004347,2053013555631882655,electronics.smartphone,meizu,123.53,566281281,cd2ae431-0a1a-4c10-8a48-dbe00f059c21
2019-11-01 00:04:10 UTC,view,1005116,2053013555631882655,electronics.smartphone,apple,1013.86,544896141,80a43be5-1e98-44ec-b60e-5c107c51c839
2019-11-01 00:04:10 UTC,view,1004788,2053013555631882655,electronics.smartphone,xiaomi,138.71,515998531,6f4136a7-a02e-40cb-a432-9c1663e56c34
2019-11-01 00:04:10 UTC,view,10201206,2053013553224352013,kids.dolls,llorens,38.59,538620608,792e0551-a420-413c-96ad-4484f7ec48e8
2019-11-01 00:04:10 UTC,view,3701244,2053013565983425517,appliances.environment.vacuum,elenberg,32.87,566278257,5cafe67a-3c46-4b47-a46a-ab30de4356bc
2019-11-01 00:04:11 UTC,view,5100496,2053013553341792533,electronics.clocks,suunto,504.26,514877985,1746686f-822b-485d-9b2f-b24e8ec8b7ea
2019-11-01 00:04:12 UTC,view,1005014,2053013555631882655,electronics.smartphone,samsung,503.09,552158913,3489c69c-4a48-4884-8a80-9fc5107e9d0a
2019-11-01 00:04:13 UTC,view,2700588,2053013563911439225,appliances.kitchen.refrigerators,indesit,276.01,539701280,a9e5a322-c765-d52d-b382-07af17908468
2019-11-01 00:04:13 UTC,view,19200005,2053013556202308035,construction.tools.saw,huter,87.52,517081324,bd1d99b3-0c06-4e1c-a6fe-8c797ff574dc
2019-11-01 00:04:14 UTC,view,1801712,2053013554415534427,electronics.video.tv,lg,382.25,514035946,15895da2-d040-4b2c-b9a6-d1820239dbc5
2019-11-01 00:04:14 UTC,view,1004873,2053013555631882655,electronics.smartphone,samsung,362.29,520934632,27514f98-ca4a-416d-9540-dad3ac469c55
2019-11-01 00:04:14 UTC,view,1005204,2053013555631882655,electronics.smartphone,xiaomi,150.97,558343854,24b6bed4-c3a3-403c-81d6-acc398f5bb8b
2019-11-01 00:04:14 UTC,view,1005186,2053013555631882655,electronics.smartphone,samsung,771.94,524356542,2f44a6ff-59aa-458c-acef-aee764d2ce10
2019-11-01 00:04:15 UTC,view,2702023,2053013563911439225,appliances.kitchen.refrigerators,whirlpool,505.8,513172380,071a6b99-8a1e-48cf-8816-b6ff3f2c38cd
2019-11-01 00:04:15 UTC,view,1005115,2053013555631882655,electronics.smartphone,apple,949.47,516316320,09f7c792-fb5a-44aa-b0d4-624f503cf803
2019-11-01 00:04:15 UTC,view,39800110,2086471240842740173,apparel.shirt,dion,29.6,516426931,b36a7084-888d-4e37-bad4-cec9cfb1fbce
2019-11-01 00:04:16 UTC,view,3600700,2053013563810775923,appliances.kitchen.washer,hotpoint-ariston,307.58,565083463,7cd1796c-49c8-bd17-db04-240bb8ca5b21
2019-11-01 00:04:18 UTC,view,29100011,2053013565941482475,appliances.personal.massager,gezatone,30.12,566175330,680fb144-6940-4931-85e6-16dda8d4e2d5
2019-11-01 00:04:18 UTC,view,21400135,2053013561579406073,electronics.clocks,casio,165.26,566281299,49ab65c0-ebde-4c86-bd81-3e5e09045cc5
2019-11-01 00:04:18 UTC,view,1306339,2053013558920217191,computers.notebook,hp,514.79,514028527,df8184cc-3694-4549-8c8c-6b5171877376
2019-11-01 00:04:18 UTC,view,1005228,2053013555631882655,electronics.smartphone,honor,283.12,514782246,762f1d79-efc1-419c-ae0c-8d2302e9888d
2019-11-01 00:04:19 UTC,view,1005211,2053013555631882655,electronics.smartphone,samsung,193.26,556226281,3aa2b23a-a633-441f-8c62-9d30c6d76591
2019-11-01 00:04:21 UTC,view,1307443,2053013558920217191,computers.notebook,asus,545.65,520772685,816a59f3-f5ae-4ccd-9b23-82aa8c23d33c
2019-11-01 00:04:22 UTC,view,1306650,2053013558920217191,computers.notebook,acer,437.57,513680153,031b1162-d808-4560-a4bb-5b746ed44a4d
2019-11-01 00:04:23 UTC,view,3900821,2053013552326770905,appliances.environment.water_heater,aqua,30.61,513200477,742aba02-727b-4d15-9222-6484ac846173
2019-11-01 00:04:23 UTC,view,21406858,2053013561579406073,electronics.clocks,tissot,1889.37,513118352,4c14bf2a-2820-4504-929d-046356a5a204
2019-11-01 00:04:27 UTC,view,16700794,2053013559901684381,furniture.kitchen.chair,fly,17.25,546273062,0bed87a3-7bce-4222-ba0d-314316dca5f8
2019-11-01 00:04:28 UTC,view,3600661,2053013563810775923,appliances.kitchen.washer,samsung,306.05,565083463,7cd1796c-49c8-bd17-db04-240bb8ca5b21
2019-11-01 00:04:28 UTC,view,3600182,2053013563810775923,appliances.kitchen.washer,midea,121.71,533312397,329d72f6-e7e1-45ad-859b-04a20501b698
2019-11-01 00:04:31 UTC,view,1004249,2053013555631882655,electronics.smartphone,apple,722.4,565731881,5d8cb7aa-ca44-4705-809d-53c97b497e16
2019-11-01 00:04:31 UTC,view,1004856,2053013555631882655,electronics.smartphone,samsung,128.42,562958505,0f039697-fedc-40fa-8830-39c1a024351d
2019-11-01 00:04:31 UTC,view,28717498,2053013565127787455,apparel.shoes,respect,64.61,545220871,fa5820b7-d974-4a8f-9b84-51d9e1aa5dd3
2019-11-01 00:04:32 UTC,view,1004562,2053013555631882655,electronics.smartphone,meizu,113.26,528269305,6dce75d2-e455-4e52-ab65-af16e36f64cb
2019-11-01 00:04:33 UTC,view,1004042,2053013555631882655,electronics.smartphone,xiaomi,138.74,566265908,52c2c76c-b79e-4794-86ff-badc76d35f5a
2019-11-01 00:04:33 UTC,view,1004788,2053013555631882655,electronics.smartphone,xiaomi,138.71,515998531,6f4136a7-a02e-40cb-a432-9c1663e56c34
2019-11-01 00:04:34 UTC,view,28401200,2053013566209917945,accessories.bag,karya,74.65,566281339,c9cc0601-949d-4fb4-9719-bbe44ebbb6ed
2019-11-01 00:04:34 UTC,view,1002528,2053013555631882655,electronics.smartphone,apple,617.52,549256216,dcbdc6e4-cd49-4ee8-95c5-e85f3c618fa1
2019-11-01 00:04:35 UTC,view,1004870,2053013555631882655,electronics.smartphone,samsung,275.25,512458378,7f344445-80ce-4b09-89b2-c6d701686a1b
2019-11-01 00:04:37 UTC,view,21406860,2053013561579406073,electronics.clocks,tissot,1019.33,513118352,4c14bf2a-2820-4504-929d-046356a5a204
2019-11-01 00:04:40 UTC,view,1005228,2053013555631882655,electronics.smartphone,honor,283.12,514782246,762f1d79-efc1-419c-ae0c-8d2302e9888d
2019-11-01 00:04:40 UTC,view,1005115,2053013555631882655,electronics.smartphone,apple,949.47,542148895,f2307298-ee36-4823-8fcb-a4163b763adf
2019-11-01 00:04:41 UTC,view,1004574,2053013555631882655,electronics.smartphone,samsung,563.7,521543283,c551227f-2b82-462d-97fd-55eb063d8584
2019-11-01 00:04:42 UTC,view,28715777,2053013565228450757,apparel.shoes,nexpero,75.42,522031876,39d48518-9fca-4df3-9724-950cd6ec44eb
2019-11-01 00:04:43 UTC,view,21400588,2053013561579406073,electronics.clocks,orient,61.52,532849073,7c366197-61a7-455e-8b7d-72b0f51b30de
2019-11-01 00:04:43 UTC,view,6500695,2053013554155487563,computers.components.motherboard,asus,248.66,512370912,daf0bf99-adf1-4877-8308-ae4557b6f01b
2019-11-01 00:04:45 UTC,view,1004779,2053013555631882655,electronics.smartphone,xiaomi,195.37,546964762,076ca666-e8fd-49d3-a2e2-24b953ef7f9e
2019-11-01 00:04:47 UTC,view,2701587,2053013563911439225,appliances.kitchen.refrigerators,haier,540.53,513172380,071a6b99-8a1e-48cf-8816-b6ff3f2c38cd
2019-11-01 00:04:47 UTC,view,6500912,2053013554155487563,computers.components.motherboard,asus,287.83,566281250,a79171eb-7d81-4536-8623-8f3159da5229
2019-11-01 00:04:48 UTC,view,13201002,2053013557192163841,furniture.bedroom.bed,stendmebel,176.04,561747305,a31f965d-833f-4d98-890b-db5c883dd3b6
2019-11-01 00:04:48 UTC,view,1005115,2053013555631882655,electronics.smartphone,apple,949.47,518538389,ccb1aadc-9704-4f9b-8eb1-03150086a4da
2019-11-01 00:04:49 UTC,view,3700769,2053013565983425517,appliances.environment.vacuum,samsung,123.53,566278257,5cafe67a-3c46-4b47-a46a-ab30de4356bc
2019-11-01 00:04:49 UTC,view,13200019,2053013557192163841,furniture.bedroom.bed,sv,386.37,560134869,a48a30b6-61b5-4816-8fe6-d9e69b65aed4
2019-11-01 00:04:51 UTC,view,29100011,2053013565941482475,appliances.personal.massager,gezatone,30.12,566175330,680fb144-6940-4931-85e6-16dda8d4e2d5
2019-11-01 00:04:51 UTC,view,1004542,2053013555631882655,electronics.smartphone,tp-link,102.7,516826105,55d5be8e-8a4f-4691-b192-93c9193e3b1d
2019-11-01 00:04:51 UTC,purchase,1004856,2053013555631882655,electronics.smartphone,samsung,128.42,562958505,0f039697-fedc-40fa-8830-39c1a024351d
2019-11-01 00:04:51 UTC,view,1004739,2053013555631882655,electronics.smartphone,xiaomi,203.09,534313202,86171b68-6479-4b53-b129-5be669c12493
2019-11-01 00:04:51 UTC,view,1307355,2053013558920217191,computers.notebook,asus,694.97,555942729,f4902ce5-d348-4768-8160-69af8e695852
2019-11-01 00:04:51 UTC,view,1801739,2053013554415534427,electronics.video.tv,samsung,282.03,541781462,a4f2f6a4-2e0c-7195-0240-659fbb5a6534
2019-11-01 00:04:53 UTC,view,4804151,2053013554658804075,electronics.audio.headphone,acme,51.22,565731881,5d8cb7aa-ca44-4705-809d-53c97b497e16
2019-11-01 00:04:53 UTC,view,1004788,2053013555631882655,electronics.smartphone,xiaomi,138.71,515998531,6f4136a7-a02e-40cb-a432-9c1663e56c34
2019-11-01 00:04:53 UTC,view,1002542,2053013555631882655,electronics.smartphone,apple,486.8,549256216,dcbdc6e4-cd49-4ee8-95c5-e85f3c618fa1
2019-11-01 00:04:55 UTC,view,2700239,2053013563911439225,appliances.kitchen.refrigerators,atlant,283.12,539701280,a9e5a322-c765-d52d-b382-07af17908468
2019-11-01 00:04:55 UTC,view,17000107,2053013558391734853,computers.desktop,sv,195.35,548719875,68bc6a85-ba5a-4688-a95f-bc506bcd1d40
2019-11-01 00:04:56 UTC,view,21400098,2053013561579406073,electronics.clocks,casio,379.42,566281380,38d5fc6b-f38a-433a-b980-e189f19f81b3
2019-11-01 00:04:56 UTC,view,28717907,2053013565782098913,apparel.shoes,burgerschuhe,102.45,537037236,5bcfc71c-1dd7-44a6-a0e1-b6f4648d25c7
2019-11-01 00:04:57 UTC,view,1005100,2053013555631882655,electronics.smartphone,samsung,139.68,512458378,7f344445-80ce-4b09-89b2-c6d701686a1b
2019-11-01 00:04:58 UTC,view,1005105,2053013555631882655,electronics.smartphone,apple,1348.61,550161284,4ac5c6d9-90d8-4896-8cf3-713bdec5be41
2019-11-01 00:04:59 UTC,view,8801042,2053013555573162395,electronics.telephone,inoi,15.08,519902359,fc530bab-b1c5-4c7f-9bbe-3dfbaecaa701
2019-11-01 00:05:01 UTC,view,1004788,2053013555631882655,electronics.smartphone,xiaomi,138.71,532572658,b1df0fce-6e03-47cc-b777-782b77b1b100
2019-11-01 00:05:01 UTC,view,53900011,2144916515806248980,construction.tools.saw,ryobi,110.07,565386300,87fa5d96-59bd-465c-87fb-8aac39baa571
2019-11-01 00:05:02 UTC,view,2701657,2053013563911439225,appliances.kitchen.refrigerators,beko,238.3,541611716,58eb4604-c682-45b2-ba28-ec52e8cf9731
2019-11-01 00:05:05 UTC,view,1305578,2053013558920217191,computers.notebook,dell,797.7,555942729,f4902ce5-d348-4768-8160-69af8e695852
2019-11-01 00:05:05 UTC,view,1003910,2053013555631882655,electronics.smartphone,nokia,118.1,528269305,6dce75d2-e455-4e52-ab65-af16e36f64cb
2019-11-01 00:05:06 UTC,view,28704581,2053013565127787455,apparel.shoes,etor,100.39,545220871,fa5820b7-d974-4a8f-9b84-51d9e1aa5dd3
2019-11-01 00:05:06 UTC,view,6500998,2053013554155487563,computers.components.motherboard,asrock,100.24,543124499,58d5c559-5358-48bb-9f25-9a0d43297f9b
2019-11-01 00:05:07 UTC,view,1003772,2053013555631882655,electronics.smartphone,huawei,257.12,566031393,8fbc7d60-6ae5-41c9-985c-cee9c52ab9ae
2019-11-01 00:05:08 UTC,view,12201979,2116907525176557699,sport.bicycle,cube,874.93,518641035,03e4c7be-ce13-4797-a3b4-6ab89a34cd9e
2019-11-01 00:05:08 UTC,view,29100011,2053013565941482475,appliances.personal.massager,gezatone,30.12,566175330,680fb144-6940-4931-85e6-16dda8d4e2d5
2019-11-01 00:05:09 UTC,view,1004659,2053013555631882655,electronics.smartphone,samsung,717.39,520934632,27514f98-ca4a-416d-9540-dad3ac469c55
2019-11-01 00:05:10 UTC,view,13200019,2053013557192163841,furniture.bedroom.bed,sv,386.37,563981983,5f1d95d7-0386-48bb-a51c-fdde65765cc6
2019-11-01 00:05:10 UTC,view,1003709,2053013555631882655,electronics.smartphone,samsung,563.7,521543283,c551227f-2b82-462d-97fd-55eb063d8584
2019-11-01 00:05:11 UTC,view,16700057,2053013559901684381,furniture.kitchen.chair,domini,97.81,546273062,0bed87a3-7bce-4222-ba0d-314316dca5f8
2019-11-01 00:05:11 UTC,view,5800823,2053013553945772349,electronics.audio.subwoofer,nakamichi,123.56,514166940,8ef5214a-86ad-4d0b-8df3-4280dd411b47
2019-11-01 00:05:12 UTC,view,1004856,2053013555631882655,electronics.smartphone,samsung,128.42,562958505,0f039697-fedc-40fa-8830-39c1a024351d
2019-11-01 00:05:12 UTC,view,1004574,2053013555631882655,electronics.smartphone,samsung,563.7,521543283,c551227f-2b82-462d-97fd-55eb063d8584
2019-11-01 00:05:13 UTC,view,21401211,2053013561579406073,electronics.clocks,casio,77.63,566281222,0f8414c9-6d1b-47a6-b2d3-ea56ba95f99f
2019-11-01 00:05:14 UTC,view,1005106,2053013555631882655,electronics.smartphone,apple,1453.0,562210838,a58d94c8-c0d4-4f24-bf3c-04c4e69ea153
2019-11-01 00:05:14 UTC,view,1003312,2053013555631882655,electronics.smartphone,apple,717.63,560865203,60f6a4d4-7351-4966-8dba-5a43435e7bb1
2019-11-01 00:05:15 UTC,view,21404472,2053013561579406073,electronics.clocks,orient,66.67,532849073,7c366197-61a7-455e-8b7d-72b0f51b30de
2019-11-01 00:05:16 UTC,view,6400282,2053013554121933129,computers.components.cpu,amd,143.94,543124499,58d5c559-5358-48bb-9f25-9a0d43297f9b
2019-11-01 00:05:16 UTC,view,1005014,2053013555631882655,electronics.smartphone,samsung,503.09,552158913,3489c69c-4a48-4884-8a80-9fc5107e9d0a
2019-11-01 00:05:16 UTC,view,3901090,2053013552326770905,appliances.environment.water_heater,oasis,25.48,513200477,742aba02-727b-4d15-9222-6484ac846173
2019-11-01 00:05:17 UTC,view,13200941,2053013557192163841,furniture.bedroom.bed,sv,257.15,560134869,a48a30b6-61b5-4816-8fe6-d9e69b65aed4
2019-11-01 00:05:17 UTC,view,29100011,2053013565941482475,appliances.personal.massager,gezatone,30.12,566175330,680fb144-6940-4931-85e6-16dda8d4e2d5
2019-11-01 00:05:18 UTC,view,17000107,2053013558391734853,computers.desktop,sv,195.35,548719875,68bc6a85-ba5a-4688-a95f-bc506bcd1d40
2019-11-01 00:05:18 UTC,view,1307342,2053013558920217191,computers.notebook,acer,823.68,555942729,f4902ce5-d348-4768-8160-69af8e695852
2019-11-01 00:05:20 UTC,view,12202210,2116907525176557699,sport.bicycle,gt,643.26,513457560,78e8ec42-574a-43b2-9e4d-6aa213f9ffe0
2019-11-01 00:05:23 UTC,view,29100051,2053013565941482475,appliances.personal.massager,smile,17.72,566175330,680fb144-6940-4931-85e6-16dda8d4e2d5
2019-11-01 00:05:23 UTC,view,1800931,2053013554415534427,electronics.video.tv,sony,384.74,556727865,8a62e764-2e34-4122-9842-349faabbe5d8
2019-11-01 00:05:24 UTC,view,5100378,2053013553341792533,electronics.clocks,xiaomi,70.53,521059488,dd9f62f4-b557-4502-bb60-141dee7a7124
2019-11-01 00:05:24 UTC,view,8801024,2053013555573162395,electronics.telephone,jinga,17.15,519902359,fc530bab-b1c5-4c7f-9bbe-3dfbaecaa701
2019-11-01 00:05:25 UTC,view,4700651,2053013560899928785,auto.accessories.videoregister,anytek,100.39,519041881,050723d8-52b8-42c8-8569-6ec99f32d15a
2019-11-01 00:05:25 UTC,view,55000008,2146551843914777018,apparel.costume,nike,111.95,516426931,b36a7084-888d-4e37-bad4-cec9cfb1fbce
2019-11-01 00:05:26 UTC,view,2702163,2053013563911439225,appliances.kitchen.refrigerators,hotpoint-ariston,552.11,513172380,071a6b99-8a1e-48cf-8816-b6ff3f2c38cd
2019-11-01 00:05:26 UTC,view,21406259,2053013561579406073,electronics.clocks,citizen,72.59,532849073,7c366197-61a7-455e-8b7d-72b0f51b30de
2019-11-01 00:05:26 UTC,view,1005115,2053013555631882655,electronics.smartphone,apple,949.47,512458378,7f344445-80ce-4b09-89b2-c6d701686a1b
2019-11-01 00:05:27 UTC,view,6700484,2053013554247762257,computers.components.videocards,palit,141.32,545157048,c7e2474c-5059-4dc4-babf-d76753440df9
2019-11-01 00:05:27 UTC,view,1306650,2053013558920217191,computers.notebook,acer,437.57,513680153,031b1162-d808-4560-a4bb-5b746ed44a4d
2019-11-01 00:05:29 UTC,view,16700960,2053013559901684381,furniture.kitchen.chair,zeta,6.41,546273062,0bed87a3-7bce-4222-ba0d-314316dca5f8
2019-11-01 00:05:30 UTC,view,1004669,2053013555631882655,electronics.smartphone,xiaomi,74.39,513198013,5f5e7618-afc5-41c9-abaf-dde70dd8dd50
2019-11-01 00:05:31 UTC,view,5700580,2053013553970938175,auto.accessories.player,pioneer,56.63,566280422,7a12f413-6f85-4378-b636-be4357d6eb60
2019-11-01 00:05:32 UTC,view,28719470,2053013565480109009,apparel.shoes.keds,fassen,62.81,537037236,5bcfc71c-1dd7-44a6-a0e1-b6f4648d25c7
2019-11-01 00:05:32 UTC,view,3901090,2053013552326770905,appliances.environment.water_heater,oasis,25.48,513200477,742aba02-727b-4d15-9222-6484ac846173
2019-11-01 00:05:32 UTC,view,29100051,2053013565941482475,appliances.personal.massager,smile,17.72,566175330,680fb144-6940-4931-85e6-16dda8d4e2d5
2019-11-01 00:05:32 UTC,view,1003910,2053013555631882655,electronics.smartphone,nokia,118.1,528269305,6dce75d2-e455-4e52-ab65-af16e36f64cb
2019-11-01 00:05:33 UTC,view,28715951,2053013565127787455,apparel.shoes,etor,108.11,545220871,fa5820b7-d974-4a8f-9b84-51d9e1aa5dd3
2019-11-01 00:05:34 UTC,view,5100377,2053013553341792533,electronics.clocks,xiaomi,69.41,521059488,dd9f62f4-b557-4502-bb60-141dee7a7124
2019-11-01 00:05:34 UTC,view,1005144,2053013555631882655,electronics.smartphone,apple,1661.09,562210838,a58d94c8-c0d4-4f24-bf3c-04c4e69ea153
2019-11-01 00:05:35 UTC,view,2701658,2053013563911439225,appliances.kitchen.refrigerators,indesit,272.8,539701280,a9e5a322-c765-d52d-b382-07af17908468
2019-11-01 00:05:35 UTC,view,6500998,2053013554155487563,computers.components.motherboard,asrock,100.24,543124499,58d5c559-5358-48bb-9f25-9a0d43297f9b
2019-11-01 00:05:35 UTC,view,1005099,2053013555631882655,electronics.smartphone,samsung,139.64,532572658,b1df0fce-6e03-47cc-b777-782b77b1b100
2019-11-01 00:05:36 UTC,view,3900821,2053013552326770905,appliances.environment.water_heater,aqua,30.61,513200477,742aba02-727b-4d15-9222-6484ac846173
2019-11-01 00:05:37 UTC,view,1306423,2053013558920217191,computers.notebook,hp,849.19,555942729,f4902ce5-d348-4768-8160-69af8e695852
2019-11-01 00:05:40 UTC,view,1002542,2053013555631882655,electronics.smartphone,apple,486.8,549256216,dcbdc6e4-cd49-4ee8-95c5-e85f3c618fa1
2019-11-01 00:05:40 UTC,view,1005174,2053013555631882655,electronics.smartphone,samsung,643.23,552158913,3489c69c-4a48-4884-8a80-9fc5107e9d0a
2019-11-01 00:05:41 UTC,view,21404528,2053013561579406073,electronics.clocks,casio,26.51,518045858,3a749cfc-b9e7-4ca8-9256-55456b37bc48
2019-11-01 00:05:42 UTC,view,4201337,2053013552351936731,appliances.environment.air_conditioner,tcl,161.39,551646978,4b2bd2c7-2dba-4853-a7bc-a6a35cca1d6c
2019-11-01 00:05:44 UTC,view,1004042,2053013555631882655,electronics.smartphone,xiaomi,138.74,566265908,52c2c76c-b79e-4794-86ff-badc76d35f5a
2019-11-01 00:05:45 UTC,view,1004870,2053013555631882655,electronics.smartphone,samsung,275.25,513150327,11f88a8f-adbc-4cec-b1b4-2737c8673906
2019-11-01 00:05:45 UTC,view,8801024,2053013555573162395,electronics.telephone,jinga,17.15,519902359,fc530bab-b1c5-4c7f-9bbe-3dfbaecaa701
2019-11-01 00:05:45 UTC,view,1005115,2053013555631882655,electronics.smartphone,apple,949.47,516316320,09f7c792-fb5a-44aa-b0d4-624f503cf803
2019-11-01 00:05:47 UTC,view,2702332,2053013563911439225,appliances.kitchen.refrigerators,lg,514.56,513172380,071a6b99-8a1e-48cf-8816-b6ff3f2c38cd
2019-11-01 00:05:48 UTC,view,29100071,2053013565941482475,appliances.personal.massager,bradex,12.36,566175330,680fb144-6940-4931-85e6-16dda8d4e2d5
2019-11-01 00:05:48 UTC,view,1005141,2053013555631882655,electronics.smartphone,apple,1629.04,562210838,a58d94c8-c0d4-4f24-bf3c-04c4e69ea153
2019-11-01 00:05:48 UTC,view,53900011,2144916515806248980,construction.tools.saw,ryobi,110.07,565386300,87fa5d96-59bd-465c-87fb-8aac39baa571
2019-11-01 00:05:49 UTC,view,16800324,2053013558316237377,furniture.kitchen.table,mamadoma,215.71,566255262,173d7b72-1db7-4638-8207-be8148bf3c9f
2019-11-01 00:05:50 UTC,view,6700826,2053013554247762257,computers.components.videocards,palit,157.96,545157048,c7e2474c-5059-4dc4-babf-d76753440df9
2019-11-01 00:05:51 UTC,view,1004767,2053013555631882655,electronics.smartphone,samsung,242.63,566279874,c14d7536-61b6-481c-9a6c-9ff2c21795ce
2019-11-01 00:05:51 UTC,view,5800860,2053013553945772349,electronics.audio.subwoofer,phantom,15.44,521324982,627c9b29-49fa-4676-8c1d-15ace3e75ed2
2019-11-01 00:05:52 UTC,view,28717145,2053013565480109009,apparel.shoes.keds,fassen,44.79,537037236,5bcfc71c-1dd7-44a6-a0e1-b6f4648d25c7
2019-11-01 00:05:53 UTC,view,1801631,2053013554415534427,electronics.video.tv,artel,334.11,514035946,15895da2-d040-4b2c-b9a6-d1820239dbc5
2019-11-01 00:05:54 UTC,cart,1002542,2053013555631882655,electronics.smartphone,apple,486.8,549256216,dcbdc6e4-cd49-4ee8-95c5-e85f3c618fa1
2019-11-01 00:05:56 UTC,view,3100267,2053013555262783879,appliances.kitchen.blender,vitek,39.28,522761204,4163602f-5496-4ffe-b296-0997af8dba80
2019-11-01 00:05:57 UTC,view,1004147,2053013555631882655,electronics.smartphone,xiaomi,92.64,513198013,5f5e7618-afc5-41c9-abaf-dde70dd8dd50
2019-11-01 00:05:57 UTC,view,14300068,2053013557603205653,electronics.audio.music_tools.piano,yamaha,236.27,513667471,17c4e7b2-7775-4b3a-97b9-ad25d7ba4b95
2019-11-01 00:05:58 UTC,view,29100071,2053013565941482475,appliances.personal.massager,bradex,12.36,566175330,680fb144-6940-4931-85e6-16dda8d4e2d5
2019-11-01 00:05:59 UTC,view,4802930,2053013554658804075,electronics.audio.headphone,elari,55.0,539460154,ec6687ca-f667-4688-8d3e-c9274499839d
2019-11-01 00:05:59 UTC,view,1004767,2053013555631882655,electronics.smartphone,samsung,242.63,550161284,4ac5c6d9-90d8-4896-8cf3-713bdec5be41
2019-11-01 00:06:00 UTC,view,5100563,2053013553341792533,electronics.clocks,samsung,257.79,562958505,0f039697-fedc-40fa-8830-39c1a024351d
2019-11-01 00:06:01 UTC,view,1004140,2053013555631882655,electronics.smartphone,xiaomi,117.87,528269305,6dce75d2-e455-4e52-ab65-af16e36f64cb
2019-11-01 00:06:01 UTC,view,1004863,2053013555631882655,electronics.smartphone,samsung,170.14,556226281,3aa2b23a-a633-441f-8c62-9d30c6d76591
2019-11-01 00:06:01 UTC,view,3601524,2053013563810775923,appliances.kitchen.washer,samsung,398.95,520735503,eef94460-d329-472e-9956-baaf680cd165
2019-11-01 00:06:03 UTC,view,1801773,2053013554415534427,electronics.video.tv,changhong,239.13,556727865,8a62e764-2e34-4122-9842-349faabbe5d8
2019-11-01 00:06:03 UTC,view,1005144,2053013555631882655,electronics.smartphone,apple,1661.09,562210838,a58d94c8-c0d4-4f24-bf3c-04c4e69ea153
2019-11-01 00:06:03 UTC,view,1801849,2053013554415534427,electronics.video.tv,samsung,617.44,520601923,c6e468f6-f677-4bfe-b395-4293743d0007
2019-11-01 00:06:04 UTC,view,1004147,2053013555631882655,electronics.smartphone,xiaomi,92.64,513198013,5f5e7618-afc5-41c9-abaf-dde70dd8dd50
2019-11-01 00:06:04 UTC,view,29100090,2053013565941482475,appliances.personal.massager,masstone,13.9,566175330,680fb144-6940-4931-85e6-16dda8d4e2d5
2019-11-01 00:06:04 UTC,view,6701043,2053013554247762257,computers.components.videocards,powercolor,187.65,554428024,327317f9-d39f-4a24-b123-5fa9d17c310c
2019-11-01 00:06:05 UTC,view,12202210,2116907525176557699,sport.bicycle,gt,643.26,513457560,78e8ec42-574a-43b2-9e4d-6aa213f9ffe0
2019-11-01 00:06:06 UTC,view,8801024,2053013555573162395,electronics.telephone,jinga,17.15,519902359,fc530bab-b1c5-4c7f-9bbe-3dfbaecaa701
2019-11-01 00:06:06 UTC,view,3100640,2053013555262783879,appliances.kitchen.blender,redmond,51.22,522761204,4163602f-5496-4ffe-b296-0997af8dba80
2019-11-01 00:06:06 UTC,view,1004856,2053013555631882655,electronics.smartphone,samsung,128.42,513645631,61ceaf50-820a-4858-9a68-bab804d47a22
2019-11-01 00:06:07 UTC,view,1304409,2053013558920217191,computers.notebook,apple,1402.87,514171705,b937acaa-d00f-456f-a4cf-1b761b31d867
2019-11-01 00:06:07 UTC,view,53900011,2144916515806248980,construction.tools.saw,ryobi,110.07,565386300,87fa5d96-59bd-465c-87fb-8aac39baa571
2019-11-01 00:06:09 UTC,view,16700794,2053013559901684381,furniture.kitchen.chair,fly,17.25,546273062,0bed87a3-7bce-4222-ba0d-314316dca5f8
2019-11-01 00:06:10 UTC,view,6500998,2053013554155487563,computers.components.motherboard,asrock,100.24,543124499,58d5c559-5358-48bb-9f25-9a0d43297f9b
2019-11-01 00:06:10 UTC,view,6700826,2053013554247762257,computers.components.videocards,palit,157.96,545157048,c7e2474c-5059-4dc4-babf-d76753440df9
2019-11-01 00:06:12 UTC,view,28716220,2053013565253616583,apparel.shoes.moccasins,respect,64.61,545220871,fa5820b7-d974-4a8f-9b84-51d9e1aa5dd3
2019-11-01 00:06:14 UTC,view,1304409,2053013558920217191,computers.notebook,apple,1402.87,550716371,55264534-e34b-45c0-914e-d01bf1b2c364
2019-11-01 00:06:14 UTC,view,16700845,2053013559901684381,furniture.kitchen.chair,zeta,16.96,551646978,4b2bd2c7-2dba-4853-a7bc-a6a35cca1d6c
2019-11-01 00:06:14 UTC,view,1004767,2053013555631882655,electronics.smartphone,samsung,242.63,559199036,a24bd828-b0a0-4d2b-be0d-9a00fc41b938
2019-11-01 00:06:14 UTC,view,13200941,2053013557192163841,furniture.bedroom.bed,sv,257.15,563981983,5f1d95d7-0386-48bb-a51c-fdde65765cc6
2019-11-01 00:06:15 UTC,view,2702277,2053013563911439225,appliances.kitchen.refrigerators,lg,463.07,539701280,a9e5a322-c765-d52d-b382-07af17908468
2019-11-01 00:06:16 UTC,view,28717145,2053013565480109009,apparel.shoes.keds,fassen,44.79,537037236,5bcfc71c-1dd7-44a6-a0e1-b6f4648d25c7
2019-11-01 00:06:18 UTC,view,6701043,2053013554247762257,computers.components.videocards,powercolor,187.65,554428024,327317f9-d39f-4a24-b123-5fa9d17c310c
2019-11-01 00:06:19 UTC,view,4804409,2053013554658804075,electronics.audio.headphone,elari,61.65,539460154,ec6687ca-f667-4688-8d3e-c9274499839d
2019-11-01 00:06:19 UTC,view,1005135,2053013555631882655,electronics.smartphone,apple,1665.36,562210838,a58d94c8-c0d4-4f24-bf3c-04c4e69ea153
2019-11-01 00:06:19 UTC,view,1307050,2053013558920217191,computers.notebook,apple,1570.17,514171705,b937acaa-d00f-456f-a4cf-1b761b31d867
2019-11-01 00:06:20 UTC,view,2702331,2053013563911439225,appliances.kitchen.refrigerators,lg,527.43,513172380,071a6b99-8a1e-48cf-8816-b6ff3f2c38cd
2019-11-01 00:06:21 UTC,view,29100027,2053013565941482475,appliances.personal.massager,gezatone,39.9,566175330,680fb144-6940-4931-85e6-16dda8d4e2d5
2019-11-01 00:06:22 UTC,view,6400282,2053013554121933129,computers.components.cpu,amd,143.94,543124499,58d5c559-5358-48bb-9f25-9a0d43297f9b
2019-11-01 00:06:24 UTC,view,1005174,2053013555631882655,electronics.smartphone,samsung,643.23,524356542,2f44a6ff-59aa-458c-acef-aee764d2ce10
2019-11-01 00:06:24 UTC,view,1005193,2053013555631882655,electronics.smartphone,meizu,241.71,541781462,a4f2f6a4-2e0c-7195-0240-659fbb5a6534
2019-11-01 00:06:24 UTC,view,13200019,2053013557192163841,furniture.bedroom.bed,sv,386.37,560134869,a48a30b6-61b5-4816-8fe6-d9e69b65aed4
2019-11-01 00:06:24 UTC,view,18300992,2053013558945383017,accessories.bag,apple,30.07,548875301,726a6477-7e61-40fd-9391-d1797dcc01be
2019-11-01 00:06:31 UTC,view,28710318,2053013565127787455,apparel.shoes,respect,25.48,545220871,fa5820b7-d974-4a8f-9b84-51d9e1aa5dd3
2019-11-01 00:06:32 UTC,view,1005116,2053013555631882655,electronics.smartphone,apple,1013.86,544896141,80a43be5-1e98-44ec-b60e-5c107c51c839
2019-11-01 00:06:32 UTC,view,16700845,2053013559901684381,furniture.kitchen.chair,zeta,16.96,551646978,4b2bd2c7-2dba-4853-a7bc-a6a35cca1d6c
2019-11-01 00:06:32 UTC,view,28718096,2053013565069067197,apparel.shoes.keds,respect,44.79,541781462,a4f2f6a4-2e0c-7195-0240-659fbb5a6534
2019-11-01 00:06:32 UTC,view,4600007,2053013563944993659,appliances.kitchen.dishwasher,bosch,523.8,526595547,aab33a9a-29c3-4d50-84c1-8a2bc9256104
2019-11-01 00:06:32 UTC,view,21404528,2053013561579406073,electronics.clocks,casio,26.51,518045858,3a749cfc-b9e7-4ca8-9256-55456b37bc48
2019-11-01 00:06:32 UTC,view,1003312,2053013555631882655,electronics.smartphone,apple,717.63,560865203,60f6a4d4-7351-4966-8dba-5a43435e7bb1
2019-11-01 00:06:33 UTC,view,29100027,2053013565941482475,appliances.personal.massager,gezatone,39.9,566175330,680fb144-6940-4931-85e6-16dda8d4e2d5
2019-11-01 00:06:33 UTC,view,35108915,2070005009382114061,apparel.underwear,milavitsa,33.35,515005556,b8ebac17-5739-474e-b3aa-4d36a46f9611
2019-11-01 00:06:33 UTC,purchase,1801881,2053013554415534427,electronics.video.tv,samsung,488.8,557746614,4d76d6d3-fff5-4880-8327-e9e57b618e0e
2019-11-01 00:06:34 UTC,purchase,5800823,2053013553945772349,electronics.audio.subwoofer,nakamichi,123.56,514166940,8ef5214a-86ad-4d0b-8df3-4280dd411b47
2019-11-01 00:06:34 UTC,view,5800860,2053013553945772349,electronics.audio.subwoofer,phantom,15.44,521324982,627c9b29-49fa-4676-8c1d-15ace3e75ed2
2019-11-01 00:06:35 UTC,view,6500695,2053013554155487563,computers.components.motherboard,asus,248.66,512370912,daf0bf99-adf1-4877-8308-ae4557b6f01b
2019-11-01 00:06:35 UTC,view,1004833,2053013555631882655,electronics.smartphone,samsung,172.23,556226281,3aa2b23a-a633-441f-8c62-9d30c6d76591
2019-11-01 00:06:36 UTC,view,8800685,2053013555573162395,electronics.telephone,texet,14.7,519902359,fc530bab-b1c5-4c7f-9bbe-3dfbaecaa701
2019-11-01 00:06:37 UTC,view,1005099,2053013555631882655,electronics.smartphone,samsung,139.64,532572658,b1df0fce-6e03-47cc-b777-782b77b1b100
2019-11-01 00:06:37 UTC,view,1801631,2053013554415534427,electronics.video.tv,artel,334.11,514035946,15895da2-d040-4b2c-b9a6-d1820239dbc5
2019-11-01 00:06:37 UTC,view,1004873,2053013555631882655,electronics.smartphone,samsung,362.29,550161284,4ac5c6d9-90d8-4896-8cf3-713bdec5be41
2019-11-01 00:06:38 UTC,cart,1004856,2053013555631882655,electronics.smartphone,samsung,128.42,513645631,61ceaf50-820a-4858-9a68-bab804d47a22
2019-11-01 00:06:38 UTC,view,1005006,2053013555631882655,electronics.smartphone,xiaomi,85.88,513198013,5f5e7618-afc5-41c9-abaf-dde70dd8dd50
2019-11-01 00:06:38 UTC,view,4803977,2053013554658804075,electronics.audio.headphone,samsung,107.45,539460154,ec6687ca-f667-4688-8d3e-c9274499839d
2019-11-01 00:06:40 UTC,view,1005144,2053013555631882655,electronics.smartphone,apple,1661.09,562210838,a58d94c8-c0d4-4f24-bf3c-04c4e69ea153
2019-11-01 00:06:42 UTC,view,5700756,2053013553970938175,auto.accessories.player,pioneer,64.35,566280422,7a12f413-6f85-4378-b636-be4357d6eb60
2019-11-01 00:06:42 UTC,cart,1004856,2053013555631882655,electronics.smartphone,samsung,128.42,513645631,61ceaf50-820a-4858-9a68-bab804d47a22
2019-11-01 00:06:43 UTC,view,53900010,2144916515806248980,construction.tools.saw,ryobi,63.16,565386300,87fa5d96-59bd-465c-87fb-8aac39baa571
2019-11-01 00:06:43 UTC,view,29100084,2053013565941482475,appliances.personal.massager,gezatone,39.9,566175330,680fb144-6940-4931-85e6-16dda8d4e2d5
2019-11-01 00:06:46 UTC,view,1005065,2053013555631882655,electronics.smartphone,xiaomi,220.73,534313202,86171b68-6479-4b53-b129-5be669c12493
2019-11-01 00:06:46 UTC,view,1005174,2053013555631882655,electronics.smartphone,samsung,643.23,552158913,3489c69c-4a48-4884-8a80-9fc5107e9d0a
2019-11-01 00:06:47 UTC,view,16700845,2053013559901684381,furniture.kitchen.chair,zeta,16.96,551646978,4b2bd2c7-2dba-4853-a7bc-a6a35cca1d6c
2019-11-01 00:06:47 UTC,view,1005135,2053013555631882655,electronics.smartphone,apple,1665.36,563128566,883d3b4c-6802-41e4-865a-4c811545112a
2019-11-01 00:06:47 UTC,view,6500998,2053013554155487563,computers.components.motherboard,asrock,100.24,543124499,58d5c559-5358-48bb-9f25-9a0d43297f9b
2019-11-01 00:06:49 UTC,view,28719253,2053013565228450757,apparel.shoes,rieker,99.1,545220871,fa5820b7-d974-4a8f-9b84-51d9e1aa5dd3
2019-11-01 00:06:50 UTC,view,1307050,2053013558920217191,computers.notebook,apple,1570.17,514171705,b937acaa-d00f-456f-a4cf-1b761b31d867
2019-11-01 00:06:51 UTC,view,1801884,2053013554415534427,electronics.video.tv,shivaki,270.02,514035946,15895da2-d040-4b2c-b9a6-d1820239dbc5
2019-11-01 00:06:51 UTC,view,1001588,2053013555631882655,electronics.smartphone,meizu,127.87,528269305,6dce75d2-e455-4e52-ab65-af16e36f64cb
2019-11-01 00:06:53 UTC,view,1003312,2053013555631882655,electronics.smartphone,apple,717.63,560865203,60f6a4d4-7351-4966-8dba-5a43435e7bb1
2019-11-01 00:06:54 UTC,view,14300019,2053013557603205653,electronics.audio.music_tools.piano,cortland,132.1,513667471,17c4e7b2-7775-4b3a-97b9-ad25d7ba4b95
2019-11-01 00:06:56 UTC,view,1801773,2053013554415534427,electronics.video.tv,changhong,239.13,556727865,8a62e764-2e34-4122-9842-349faabbe5d8
2019-11-01 00:06:56 UTC,view,1004505,2053013555631882655,electronics.smartphone,xiaomi,553.17,561121118,9df1f0b8-7501-432b-b622-cc5fc3398faa
2019-11-01 00:06:56 UTC,view,35103661,2070005009382114061,apparel.underwear,milavitsa,30.15,515005556,b8ebac17-5739-474e-b3aa-4d36a46f9611
2019-11-01 00:06:57 UTC,view,1004249,2053013555631882655,electronics.smartphone,apple,722.4,512458378,7f344445-80ce-4b09-89b2-c6d701686a1b
2019-11-01 00:06:58 UTC,view,1004870,2053013555631882655,electronics.smartphone,samsung,275.25,566281613,ff66ce05-f130-406a-b8ef-fa2760c43741
2019-11-01 00:06:58 UTC,view,1005007,2053013555631882655,electronics.smartphone,xiaomi,94.7,513198013,5f5e7618-afc5-41c9-abaf-dde70dd8dd50
2019-11-01 00:06:59 UTC,view,2702277,2053013563911439225,appliances.kitchen.refrigerators,lg,463.07,518628732,1a0de548-b417-43b3-bdc8-1b096d8dbde1
2019-11-01 00:06:59 UTC,view,1004766,2053013555631882655,electronics.smartphone,samsung,242.72,566281616,d3845c64-c50c-4189-a47d-cefcb1e49918
2019-11-01 00:06:59 UTC,view,1004766,2053013555631882655,electronics.smartphone,samsung,242.72,566281617,2b3a20c0-75d1-4b54-be57-1a887a2dadab
2019-11-01 00:07:00 UTC,view,13200019,2053013557192163841,furniture.bedroom.bed,sv,386.37,563981983,5f1d95d7-0386-48bb-a51c-fdde65765cc6
2019-11-01 00:07:01 UTC,view,1004870,2053013555631882655,electronics.smartphone,samsung,275.25,566281619,b227318e-2247-4ebe-bf04-f9e5bfc73210
2019-11-01 00:07:02 UTC,view,21404277,2053013561579406073,electronics.clocks,casio,24.45,518045858,3a749cfc-b9e7-4ca8-9256-55456b37bc48
2019-11-01 00:07:04 UTC,view,1003772,2053013555631882655,electronics.smartphone,huawei,257.12,566031393,8fbc7d60-6ae5-41c9-985c-cee9c52ab9ae
2019-11-01 00:07:05 UTC,view,1005106,2053013555631882655,electronics.smartphone,apple,1453.0,562210838,a58d94c8-c0d4-4f24-bf3c-04c4e69ea153
2019-11-01 00:07:06 UTC,view,6400282,2053013554121933129,computers.components.cpu,amd,143.94,545157048,c7e2474c-5059-4dc4-babf-d76753440df9
2019-11-01 00:07:08 UTC,view,6400224,2053013554121933129,computers.components.cpu,intel,447.37,520072445,ac077882-8827-4fcf-b2e7-ac4013114e63
2019-11-01 00:07:09 UTC,view,1305977,2053013558920217191,computers.notebook,apple,2496.59,514171705,b937acaa-d00f-456f-a4cf-1b761b31d867
2019-11-01 00:07:09 UTC,view,1004876,2053013555631882655,electronics.smartphone,xiaomi,82.11,514173771,e2e0c325-e3c0-4f77-83b7-a11d600f5dd3
2019-11-01 00:07:10 UTC,view,1801805,2053013554415534427,electronics.video.tv,artel,228.76,556727865,8a62e764-2e34-4122-9842-349faabbe5d8
2019-11-01 00:07:10 UTC,view,1004833,2053013555631882655,electronics.smartphone,samsung,172.23,556226281,3aa2b23a-a633-441f-8c62-9d30c6d76591
2019-11-01 00:07:10 UTC,view,1005115,2053013555631882655,electronics.smartphone,apple,949.47,516316320,09f7c792-fb5a-44aa-b0d4-624f503cf803
2019-11-01 00:07:13 UTC,view,28714418,2053013565127787455,apparel.shoes,etor,100.39,545220871,fa5820b7-d974-4a8f-9b84-51d9e1aa5dd3
2019-11-01 00:07:15 UTC,view,1004250,2053013555631882655,electronics.smartphone,apple,787.5,560865203,60f6a4d4-7351-4966-8dba-5a43435e7bb1
2019-11-01 00:07:15 UTC,view,1005122,2053013555631882655,electronics.smartphone,apple,1027.59,516316320,09f7c792-fb5a-44aa-b0d4-624f503cf803
2019-11-01 00:07:15 UTC,view,1004873,2053013555631882655,electronics.smartphone,samsung,362.29,550161284,4ac5c6d9-90d8-4896-8cf3-713bdec5be41
2019-11-01 00:07:15 UTC,view,14300019,2053013557603205653,electronics.audio.music_tools.piano,cortland,132.1,513667471,17c4e7b2-7775-4b3a-97b9-ad25d7ba4b95
2019-11-01 00:07:15 UTC,view,1005126,2053013555631882655,electronics.smartphone,apple,1364.0,540350609,c7f362e3-d08e-4eaa-8a34-a07b1966b128
2019-11-01 00:07:15 UTC,view,1307136,2053013558920217191,computers.notebook,acer,511.98,547444654,33659c7e-8927-4b59-8677-e1da1d892db5
2019-11-01 00:07:16 UTC,view,1003221,2053013555631882655,electronics.smartphone,nokia,128.43,528269305,6dce75d2-e455-4e52-ab65-af16e36f64cb
2019-11-01 00:07:16 UTC,view,4804137,2053013554658804075,electronics.audio.headphone,huawei,89.78,539460154,ec6687ca-f667-4688-8d3e-c9274499839d
2019-11-01 00:07:16 UTC,view,13200013,2053013557192163841,furniture.bedroom.bed,sv,141.32,513680153,c192b8c7-8a34-463a-959b-14b2a38a589b
2019-11-01 00:07:17 UTC,view,1005015,2053013555631882655,electronics.smartphone,samsung,548.95,552158913,3489c69c-4a48-4884-8a80-9fc5107e9d0a
2019-11-01 00:07:17 UTC,view,28719472,2053013565480109009,apparel.shoes.keds,fassen,62.81,537037236,5bcfc71c-1dd7-44a6-a0e1-b6f4648d25c7
2019-11-01 00:07:18 UTC,view,28713655,2053013565069067197,apparel.shoes.keds,catunltd,64.87,541781462,a4f2f6a4-2e0c-7195-0240-659fbb5a6534
2019-11-01 00:07:18 UTC,view,1003869,2053013555631882655,electronics.smartphone,xiaomi,167.02,532572658,b1df0fce-6e03-47cc-b777-782b77b1b100
2019-11-01 00:07:18 UTC,view,2400648,2053013563743667055,appliances.kitchen.hood,turbo,51.46,546785232,779aacbc-349e-4016-8959-da2e161dc334
2019-11-01 00:07:19 UTC,view,1005099,2053013555631882655,electronics.smartphone,samsung,139.64,532572658,b1df0fce-6e03-47cc-b777-782b77b1b100
2019-11-01 00:07:19 UTC,view,3601489,2053013563810775923,appliances.kitchen.washer,samsung,476.17,520735503,eef94460-d329-472e-9956-baaf680cd165
2019-11-01 00:07:20 UTC,view,1003523,2053013555631882655,electronics.smartphone,zte,136.43,532572658,b1df0fce-6e03-47cc-b777-782b77b1b100
2019-11-01 00:07:20 UTC,view,1005115,2053013555631882655,electronics.smartphone,apple,949.47,518077588,2e5d02b9-a24b-4a02-83ec-173840f2fcdf
2019-11-01 00:07:22 UTC,view,1005099,2053013555631882655,electronics.smartphone,samsung,139.64,532572658,b1df0fce-6e03-47cc-b777-782b77b1b100
2019-11-01 00:07:22 UTC,view,1004767,2053013555631882655,electronics.smartphone,samsung,242.63,515339751,2a010441-e0a2-4308-b718-ebc5d33e913a
2019-11-01 00:07:22 UTC,view,1004505,2053013555631882655,electronics.smartphone,xiaomi,553.17,561121118,9df1f0b8-7501-432b-b622-cc5fc3398faa
2019-11-01 00:07:22 UTC,cart,1002542,2053013555631882655,electronics.smartphone,apple,486.8,549256216,dcbdc6e4-cd49-4ee8-95c5-e85f3c618fa1
2019-11-01 00:07:24 UTC,view,5800823,2053013553945772349,electronics.audio.subwoofer,nakamichi,123.56,514166940,8ef5214a-86ad-4d0b-8df3-4280dd411b47
2019-11-01 00:07:24 UTC,view,1003306,2053013555631882655,electronics.smartphone,apple,577.89,512458378,7f344445-80ce-4b09-89b2-c6d701686a1b
2019-11-01 00:07:26 UTC,view,6400282,2053013554121933129,computers.components.cpu,amd,143.94,545157048,c7e2474c-5059-4dc4-babf-d76753440df9
2019-11-01 00:07:28 UTC,view,1004505,2053013555631882655,electronics.smartphone,xiaomi,553.17,561121118,9df1f0b8-7501-432b-b622-cc5fc3398faa
2019-11-01 00:07:29 UTC,view,1004785,2053013555631882655,electronics.smartphone,huawei,266.0,559788783,26d78c21-7fc3-4538-8a70-01a3aa410668
2019-11-01 00:07:30 UTC,view,1005105,2053013555631882655,electronics.smartphone,apple,1348.61,540350609,c7f362e3-d08e-4eaa-8a34-a07b1966b128
2019-11-01 00:07:30 UTC,view,35200017,2090228413380952337,apparel.underwear,milavitsa,9.0,515005556,b8ebac17-5739-474e-b3aa-4d36a46f9611
2019-11-01 00:07:30 UTC,view,21400135,2053013561579406073,electronics.clocks,casio,165.26,554063350,a6ebb7f3-0197-4774-b0d3-54d754c19cf7
2019-11-01 00:07:31 UTC,view,1002542,2053013555631882655,electronics.smartphone,apple,486.8,549256216,dcbdc6e4-cd49-4ee8-95c5-e85f3c618fa1
2019-11-01 00:07:32 UTC,view,1004767,2053013555631882655,electronics.smartphone,samsung,242.63,550161284,4ac5c6d9-90d8-4896-8cf3-713bdec5be41
2019-11-01 00:07:32 UTC,view,1005014,2053013555631882655,electronics.smartphone,samsung,503.09,540508491,33a0d8f4-c388-4ce7-85f4-7b1f11563d6a
2019-11-01 00:07:37 UTC,view,1005009,2053013555631882655,electronics.smartphone,xiaomi,85.97,513198013,5f5e7618-afc5-41c9-abaf-dde70dd8dd50
2019-11-01 00:07:38 UTC,view,1004322,2053013555631882655,electronics.smartphone,huawei,334.37,542734877,34b4d43c-4080-4a2d-b9fe-ae609cafcb98
2019-11-01 00:07:38 UTC,purchase,30000218,2127425436764865054,construction.tools.welding,magnetta,254.78,515240495,0253151d-5c84-4809-ba02-38ac405494e1
2019-11-01 00:07:39 UTC,view,1004870,2053013555631882655,electronics.smartphone,samsung,275.25,513150327,11f88a8f-adbc-4cec-b1b4-2737c8673906
2019-11-01 00:07:40 UTC,view,5800391,2053013553945772349,electronics.audio.subwoofer,hertz,87.57,562824468,c0f72b7d-4b57-43b1-913e-d277649b1388
2019-11-01 00:07:42 UTC,view,35200632,2090228413380952337,apparel.underwear,obsessive,20.34,515005556,b8ebac17-5739-474e-b3aa-4d36a46f9611
2019-11-01 00:07:42 UTC,view,1004870,2053013555631882655,electronics.smartphone,samsung,275.25,518621750,6d7138cd-b28a-4f0b-9238-ec30453316d7
2019-11-01 00:07:42 UTC,view,1005124,2053013555631882655,electronics.smartphone,apple,1583.48,562210838,a58d94c8-c0d4-4f24-bf3c-04c4e69ea153
2019-11-01 00:07:45 UTC,view,1004856,2053013555631882655,electronics.smartphone,samsung,128.42,560040401,b9670f56-94b3-4e99-9901-b420ac7c2cb2
2019-11-01 00:07:46 UTC,view,14300019,2053013557603205653,electronics.audio.music_tools.piano,cortland,132.1,513667471,17c4e7b2-7775-4b3a-97b9-ad25d7ba4b95
2019-11-01 00:07:46 UTC,view,4804137,2053013554658804075,electronics.audio.headphone,huawei,89.78,539460154,ec6687ca-f667-4688-8d3e-c9274499839d
2019-11-01 00:07:47 UTC,view,53900010,2144916515806248980,construction.tools.saw,ryobi,63.16,565386300,87fa5d96-59bd-465c-87fb-8aac39baa571
2019-11-01 00:07:49 UTC,view,1005118,2053013555631882655,electronics.smartphone,apple,976.82,540350609,c7f362e3-d08e-4eaa-8a34-a07b1966b128
2019-11-01 00:07:49 UTC,view,2701703,2053013563911439225,appliances.kitchen.refrigerators,bosch,554.37,518628732,1a0de548-b417-43b3-bdc8-1b096d8dbde1
2019-11-01 00:07:50 UTC,view,1305977,2053013558920217191,computers.notebook,apple,2496.59,514171705,b937acaa-d00f-456f-a4cf-1b761b31d867
2019-11-01 00:07:50 UTC,view,1004462,2053013555631882655,electronics.smartphone,huawei,91.61,566031393,8fbc7d60-6ae5-41c9-985c-cee9c52ab9ae
2019-11-01 00:07:51 UTC,view,6500912,2053013554155487563,computers.components.motherboard,asus,287.83,566281250,a79171eb-7d81-4536-8623-8f3159da5229
2019-11-01 00:07:51 UTC,view,1005122,2053013555631882655,electronics.smartphone,apple,1027.59,516316320,09f7c792-fb5a-44aa-b0d4-624f503cf803
2019-11-01 00:07:51 UTC,view,1004785,2053013555631882655,electronics.smartphone,huawei,266.0,559788783,26d78c21-7fc3-4538-8a70-01a3aa410668
2019-11-01 00:07:52 UTC,view,1004856,2053013555631882655,electronics.smartphone,samsung,128.42,560040401,b9670f56-94b3-4e99-9901-b420ac7c2cb2
2019-11-01 00:07:53 UTC,view,28718075,2053013565228450757,apparel.shoes,respect,66.41,545220871,fa5820b7-d974-4a8f-9b84-51d9e1aa5dd3
2019-11-01 00:07:54 UTC,view,14300017,2053013557603205653,electronics.audio.music_tools.piano,cortland,84.94,538417163,3dae61c1-d018-44fd-b95a-b6b7659f11e3
2019-11-01 00:07:54 UTC,view,1201472,2172371436436455782,electronics.tablet,samsung,462.82,566193886,0e5a243a-383f-4785-a91c-82f8f5896acc
2019-11-01 00:07:57 UTC,view,1005228,2053013555631882655,electronics.smartphone,honor,283.12,514782246,762f1d79-efc1-419c-ae0c-8d2302e9888d
2019-11-01 00:07:57 UTC,view,1005115,2053013555631882655,electronics.smartphone,apple,949.47,534313202,86171b68-6479-4b53-b129-5be669c12493
2019-11-01 00:07:57 UTC,view,1801805,2053013554415534427,electronics.video.tv,artel,228.76,556727865,8a62e764-2e34-4122-9842-349faabbe5d8
2019-11-01 00:07:58 UTC,view,1004856,2053013555631882655,electronics.smartphone,samsung,128.42,513645631,61ceaf50-820a-4858-9a68-bab804d47a22
2019-11-01 00:07:58 UTC,view,35200208,2090228413380952337,apparel.underwear,milavitsa,18.56,515005556,b8ebac17-5739-474e-b3aa-4d36a46f9611
2019-11-01 00:07:58 UTC,view,28702502,2053013565069067197,apparel.shoes.keds,spur,35.78,559308648,b49a14c3-1c94-4709-a6b8-488a618a4ed1
2019-11-01 00:07:59 UTC,view,4803186,2053013554658804075,electronics.audio.headphone,harper,25.71,539460154,ec6687ca-f667-4688-8d3e-c9274499839d
2019-11-01 00:07:59 UTC,view,28704659,2053013565127787455,apparel.shoes,etor,100.39,545220871,fa5820b7-d974-4a8f-9b84-51d9e1aa5dd3
2019-11-01 00:07:59 UTC,view,8801042,2053013555573162395,electronics.telephone,inoi,15.08,519902359,fc530bab-b1c5-4c7f-9bbe-3dfbaecaa701
2019-11-01 00:07:59 UTC,view,1004768,2053013555631882655,electronics.smartphone,samsung,242.72,559199036,a24bd828-b0a0-4d2b-be0d-9a00fc41b938
2019-11-01 00:08:00 UTC,view,1004785,2053013555631882655,electronics.smartphone,huawei,266.0,513150327,11f88a8f-adbc-4cec-b1b4-2737c8673906
2019-11-01 00:08:00 UTC,view,1004966,2053013555631882655,electronics.smartphone,oppo,257.15,565241757,1fba936f-fb88-485a-97fc-825ddbf43a33
2019-11-01 00:08:01 UTC,view,1002524,2053013555631882655,electronics.smartphone,apple,531.26,549256216,dcbdc6e4-cd49-4ee8-95c5-e85f3c618fa1
2019-11-01 00:08:01 UTC,view,1307310,2053013558920217191,computers.notebook,acer,283.09,519041881,050723d8-52b8-42c8-8569-6ec99f32d15a
2019-11-01 00:08:01 UTC,view,1004794,2053013555631882655,electronics.smartphone,xiaomi,218.54,564280011,78fcfe93-d480-4b54-abf7-66aa8b152756
2019-11-01 00:08:01 UTC,view,1005066,2053013555631882655,electronics.smartphone,xiaomi,220.78,513198013,5f5e7618-afc5-41c9-abaf-dde70dd8dd50
2019-11-01 00:08:02 UTC,view,1004767,2053013555631882655,electronics.smartphone,samsung,242.63,559199036,a24bd828-b0a0-4d2b-be0d-9a00fc41b938
2019-11-01 00:08:03 UTC,view,14700205,2053013557133443581,furniture.living_room.cabinet,sv,385.85,512840594,a6b3c24f-03b1-4a57-bc4b-56b1d980098c
2019-11-01 00:08:03 UTC,view,1002101,2053013555631882655,electronics.smartphone,samsung,370.64,540508491,33a0d8f4-c388-4ce7-85f4-7b1f11563d6a
2019-11-01 00:08:03 UTC,view,1307408,2053013558920217191,computers.notebook,acer,308.86,546377499,eb1655e4-1d7b-4699-9de2-8accd3291247
2019-11-01 00:08:04 UTC,view,1005105,2053013555631882655,electronics.smartphone,apple,1348.61,540350609,c7f362e3-d08e-4eaa-8a34-a07b1966b128
2019-11-01 00:08:04 UTC,view,1005115,2053013555631882655,electronics.smartphone,apple,949.47,516316320,09f7c792-fb5a-44aa-b0d4-624f503cf803
2019-11-01 00:08:04 UTC,view,1480372,2053013561092866779,computers.desktop,lenovo,1793.36,515739426,1e8d6215-28d2-4205-bf5d-7bac5865724d
2019-11-01 00:08:04 UTC,view,1004140,2053013555631882655,electronics.smartphone,xiaomi,117.87,514173771,e2e0c325-e3c0-4f77-83b7-a11d600f5dd3
2019-11-01 00:08:05 UTC,view,1004166,2053013555631882655,electronics.smartphone,xiaomi,153.49,512946784,c3848fac-a6a0-4fb3-a193-f17f9738324a
2019-11-01 00:08:06 UTC,view,2400648,2053013563743667055,appliances.kitchen.hood,turbo,51.46,546785232,779aacbc-349e-4016-8959-da2e161dc334
2019-11-01 00:08:08 UTC,view,11200321,2053013562946749253,appliances.personal.scales,scarlett,23.75,551646978,5056b9da-4343-4ee3-afbe-81e46131cc9c
2019-11-01 00:08:09 UTC,view,1005126,2053013555631882655,electronics.smartphone,apple,1364.0,540350609,c7f362e3-d08e-4eaa-8a34-a07b1966b128
2019-11-01 00:08:10 UTC,view,2700618,2053013563911439225,appliances.kitchen.refrigerators,indesit,350.0,539701280,a9e5a322-c765-d52d-b382-07af17908468
2019-11-01 00:08:10 UTC,view,1004856,2053013555631882655,electronics.smartphone,samsung,128.42,566281751,b062f33b-ce1c-41f1-948b-d1704acea970
2019-11-01 00:08:12 UTC,view,1004785,2053013555631882655,electronics.smartphone,huawei,266.0,550161284,4ac5c6d9-90d8-4896-8cf3-713bdec5be41
2019-11-01 00:08:14 UTC,view,1307355,2053013558920217191,computers.notebook,asus,694.97,512677696,87c256b2-a9a9-4c55-8867-4a3ab116aee7
2019-11-01 00:08:14 UTC,view,1003907,2053013555631882655,electronics.smartphone,huawei,151.87,566031393,8fbc7d60-6ae5-41c9-985c-cee9c52ab9ae
2019-11-01 00:08:15 UTC,view,28704391,2053013565069067197,apparel.shoes.keds,asics,51.48,522031876,39d48518-9fca-4df3-9724-950cd6ec44eb
2019-11-01 00:08:15 UTC,view,1004955,2053013555631882655,electronics.smartphone,nokia,152.79,528269305,6dce75d2-e455-4e52-ab65-af16e36f64cb
2019-11-01 00:08:16 UTC,view,1005066,2053013555631882655,electronics.smartphone,xiaomi,220.78,513198013,5f5e7618-afc5-41c9-abaf-dde70dd8dd50
2019-11-01 00:08:16 UTC,view,1005173,2053013555631882655,electronics.smartphone,samsung,643.23,552158913,3489c69c-4a48-4884-8a80-9fc5107e9d0a
2019-11-01 00:08:18 UTC,view,1003304,2053013555631882655,electronics.smartphone,apple,591.25,516477264,1e9a0a07-93cc-4cb1-89d2-b3eb2d2809d4
2019-11-01 00:08:18 UTC,view,1004250,2053013555631882655,electronics.smartphone,apple,787.5,512458378,7f344445-80ce-4b09-89b2-c6d701686a1b
2019-11-01 00:08:19 UTC,view,1305977,2053013558920217191,computers.notebook,apple,2496.59,566193886,0e5a243a-383f-4785-a91c-82f8f5896acc
2019-11-01 00:08:20 UTC,view,1004250,2053013555631882655,electronics.smartphone,apple,787.5,560865203,60f6a4d4-7351-4966-8dba-5a43435e7bb1
2019-11-01 00:08:21 UTC,view,1801881,2053013554415534427,electronics.video.tv,samsung,488.8,557746614,4d76d6d3-fff5-4880-8327-e9e57b618e0e
2019-11-01 00:08:21 UTC,view,2701703,2053013563911439225,appliances.kitchen.refrigerators,bosch,554.37,518628732,1a0de548-b417-43b3-bdc8-1b096d8dbde1
2019-11-01 00:08:22 UTC,view,14300017,2053013557603205653,electronics.audio.music_tools.piano,cortland,84.94,538417163,3dae61c1-d018-44fd-b95a-b6b7659f11e3
2019-11-01 00:08:24 UTC,view,1004505,2053013555631882655,electronics.smartphone,xiaomi,553.17,561121118,9df1f0b8-7501-432b-b622-cc5fc3398faa
2019-11-01 00:08:25 UTC,view,1004767,2053013555631882655,electronics.smartphone,samsung,242.63,560040401,b9670f56-94b3-4e99-9901-b420ac7c2cb2
2019-11-01 00:08:26 UTC,view,4700272,2053013560899928785,auto.accessories.videoregister,neoline,277.81,564622310,47948cec-ac8f-448e-9a86-59be8fa46412
2019-11-01 00:08:27 UTC,view,53900010,2144916515806248980,construction.tools.saw,ryobi,63.16,565386300,87fa5d96-59bd-465c-87fb-8aac39baa571
2019-11-01 00:08:28 UTC,view,1004956,2053013555631882655,electronics.smartphone,xiaomi,382.57,513198013,5f5e7618-afc5-41c9-abaf-dde70dd8dd50
2019-11-01 00:08:28 UTC,view,28719169,2116907519078040377,apparel.shoes,salamander,137.71,545220871,fa5820b7-d974-4a8f-9b84-51d9e1aa5dd3
2019-11-01 00:08:29 UTC,view,1004857,2053013555631882655,electronics.smartphone,samsung,128.42,512461324,bbf8fcae-4256-4d23-adc2-3f21c8cd32f1
2019-11-01 00:08:31 UTC,view,60500001,2162513070503494350,construction.tools.welding,resanta,25.2,525377149,fee9aa92-01f6-461c-b5fa-579f4152d3a4
2019-11-01 00:08:32 UTC,view,28703613,2053013565069067197,apparel.shoes.keds,reebok,118.15,545220871,fa5820b7-d974-4a8f-9b84-51d9e1aa5dd3
2019-11-01 00:08:32 UTC,view,28717003,2053013565069067197,apparel.shoes.keds,respect,71.82,559308648,b49a14c3-1c94-4709-a6b8-488a618a4ed1
2019-11-01 00:08:32 UTC,view,1004833,2053013555631882655,electronics.smartphone,samsung,172.23,565484491,af492b5c-85ea-413a-887f-e3219c4ed7b5
2019-11-01 00:08:33 UTC,view,1004166,2053013555631882655,electronics.smartphone,xiaomi,153.49,512946784,c3848fac-a6a0-4fb3-a193-f17f9738324a
2019-11-01 00:08:34 UTC,view,1005116,2053013555631882655,electronics.smartphone,apple,1013.86,516316320,09f7c792-fb5a-44aa-b0d4-624f503cf803
2019-11-01 00:08:35 UTC,view,1004870,2053013555631882655,electronics.smartphone,samsung,275.25,559199036,a24bd828-b0a0-4d2b-be0d-9a00fc41b938
2019-11-01 00:08:35 UTC,view,1004797,2053013555631882655,electronics.smartphone,xiaomi,334.37,553587825,6b5faee6-517c-4e45-bbf5-9e4cba976ca7
2019-11-01 00:08:35 UTC,view,1307355,2053013558920217191,computers.notebook,asus,694.97,512677696,87c256b2-a9a9-4c55-8867-4a3ab116aee7
2019-11-01 00:08:36 UTC,view,1005185,2053013555631882655,electronics.smartphone,samsung,771.94,552158913,3489c69c-4a48-4884-8a80-9fc5107e9d0a
2019-11-01 00:08:36 UTC,view,28718142,2053013565782098913,apparel.shoes,fassen,35.78,512669930,25766713-0666-44e6-9ee8-322f48914fd4
2019-11-01 00:08:37 UTC,view,1005105,2053013555631882655,electronics.smartphone,apple,1348.61,540350609,c7f362e3-d08e-4eaa-8a34-a07b1966b128
2019-11-01 00:08:37 UTC,view,1005106,2053013555631882655,electronics.smartphone,apple,1453.0,512458378,7f344445-80ce-4b09-89b2-c6d701686a1b
2019-11-01 00:08:38 UTC,view,1005116,2053013555631882655,electronics.smartphone,apple,1013.86,516316320,09f7c792-fb5a-44aa-b0d4-624f503cf803
2019-11-01 00:08:38 UTC,view,1003339,2053013555631882655,electronics.smartphone,xiaomi,202.4,528269305,6dce75d2-e455-4e52-ab65-af16e36f64cb
2019-11-01 00:08:38 UTC,view,1005105,2053013555631882655,electronics.smartphone,apple,1348.61,534313202,86171b68-6479-4b53-b129-5be669c12493
2019-11-01 00:08:38 UTC,view,1003304,2053013555631882655,electronics.smartphone,apple,591.25,516477264,1e9a0a07-93cc-4cb1-89d2-b3eb2d2809d4
2019-11-01 00:08:38 UTC,view,1004565,2053013555631882655,electronics.smartphone,huawei,164.95,560032128,fddf57e8-f605-4bdb-8d79-32329fda9fd7
2019-11-01 00:08:38 UTC,view,1004806,2053013555631882655,electronics.smartphone,xiaomi,347.24,517119857,cac9ec0c-002c-4753-bb20-42a92c0c6c95
2019-11-01 00:08:38 UTC,view,21407062,2053013561579406073,electronics.clocks,longines,1935.7,513118352,4c14bf2a-2820-4504-929d-046356a5a204
2019-11-01 00:08:39 UTC,view,21404275,2053013561579406073,electronics.clocks,casio,15.19,518045858,3a749cfc-b9e7-4ca8-9256-55456b37bc48
2019-11-01 00:08:40 UTC,view,53900011,2144916515806248980,construction.tools.saw,ryobi,110.07,565386300,87fa5d96-59bd-465c-87fb-8aac39baa571
2019-11-01 00:08:40 UTC,view,30000218,2127425436764865054,construction.tools.welding,magnetta,254.78,515240495,0253151d-5c84-4809-ba02-38ac405494e1
2019-11-01 00:08:41 UTC,view,1004956,2053013555631882655,electronics.smartphone,xiaomi,382.57,513198013,5f5e7618-afc5-41c9-abaf-dde70dd8dd50
2019-11-01 00:08:41 UTC,view,29100028,2053013565941482475,appliances.personal.massager,gezatone,81.34,566175330,680fb144-6940-4931-85e6-16dda8d4e2d5
2019-11-01 00:08:41 UTC,view,1306133,2053013558920217191,computers.notebook,xiaomi,1145.2,566193886,0e5a243a-383f-4785-a91c-82f8f5896acc
2019-11-01 00:08:42 UTC,view,28719072,2053013565480109009,apparel.shoes.keds,baden,71.82,537037236,5bcfc71c-1dd7-44a6-a0e1-b6f4648d25c7
2019-11-01 00:08:44 UTC,cart,1005124,2053013555631882655,electronics.smartphone,apple,1583.48,562210838,a58d94c8-c0d4-4f24-bf3c-04c4e69ea153
2019-11-01 00:08:45 UTC,view,1005016,2053013555631882655,electronics.smartphone,samsung,550.73,561713177,a45c5c9b-f8f5-4a06-a9b9-1faeb2f729c6
2019-11-01 00:08:46 UTC,view,3601405,2053013563810775923,appliances.kitchen.washer,beko,180.16,517399020,1cffc608-9a32-4f7a-ac63-ae34b73f4baf
2019-11-01 00:08:46 UTC,view,28718096,2053013565069067197,apparel.shoes.keds,respect,44.79,541781462,a4f2f6a4-2e0c-7195-0240-659fbb5a6534
2019-11-01 00:08:48 UTC,view,1800930,2053013554415534427,electronics.video.tv,sony,329.22,515782589,f2081cf0-0ee3-4bf1-9b40-e5e580f9ace3
2019-11-01 00:08:49 UTC,view,1801849,2053013554415534427,electronics.video.tv,samsung,617.44,520601923,c6e468f6-f677-4bfe-b395-4293743d0007
2019-11-01 00:08:50 UTC,view,1802109,2053013554415534427,electronics.video.tv,blaupunkt,514.79,556727865,8a62e764-2e34-4122-9842-349faabbe5d8
2019-11-01 00:08:51 UTC,view,1004019,2053013555631882655,electronics.smartphone,xiaomi,118.02,550956385,3ec89c58-ce4f-47f3-9547-3925fdb1ecbd
2019-11-01 00:08:51 UTC,view,1005121,2053013555631882655,electronics.smartphone,apple,973.41,518077588,2e5d02b9-a24b-4a02-83ec-173840f2fcdf
2019-11-01 00:08:54 UTC,view,1003305,2053013555631882655,electronics.smartphone,apple,599.23,516477264,1e9a0a07-93cc-4cb1-89d2-b3eb2d2809d4
2019-11-01 00:08:54 UTC,view,1005193,2053013555631882655,electronics.smartphone,meizu,241.71,541781462,a4f2f6a4-2e0c-7195-0240-659fbb5a6534
2019-11-01 00:08:55 UTC,view,28715699,2053013565069067197,apparel.shoes.keds,puma,94.98,545220871,fa5820b7-d974-4a8f-9b84-51d9e1aa5dd3
2019-11-01 00:08:55 UTC,view,1004792,2053013555631882655,electronics.smartphone,xiaomi,478.26,513198013,5f5e7618-afc5-41c9-abaf-dde70dd8dd50
2019-11-01 00:08:55 UTC,view,1005192,2053013555631882655,electronics.smartphone,meizu,205.67,541781462,a4f2f6a4-2e0c-7195-0240-659fbb5a6534
2019-11-01 00:08:55 UTC,view,5100577,2053013553341792533,electronics.clocks,samsung,290.82,535384245,67cc60cb-a0e1-4db0-ad5e-3bb2315c73ba
2019-11-01 00:08:56 UTC,view,13200275,2053013557192163841,furniture.bedroom.bed,brw,525.11,565762943,f33d9a2a-2ed1-464a-a116-fa239845b613
2019-11-01 00:08:57 UTC,view,5801230,2053013553945772349,electronics.audio.subwoofer,pride,128.7,562824468,c0f72b7d-4b57-43b1-913e-d277649b1388
2019-11-01 00:08:57 UTC,view,1003879,2053013555631882655,electronics.smartphone,huawei,540.27,550161284,4ac5c6d9-90d8-4896-8cf3-713bdec5be41
2019-11-01 00:08:58 UTC,view,30000218,2127425436764865054,construction.tools.welding,magnetta,254.78,566281841,2948655a-2ee1-474c-ab8d-f06e158b9b67
2019-11-01 00:08:58 UTC,view,1801739,2053013554415534427,electronics.video.tv,samsung,282.03,541781462,a4f2f6a4-2e0c-7195-0240-659fbb5a6534
2019-11-01 00:08:59 UTC,view,1004166,2053013555631882655,electronics.smartphone,xiaomi,153.49,512946784,c3848fac-a6a0-4fb3-a193-f17f9738324a
2019-11-01 00:09:00 UTC,view,1307355,2053013558920217191,computers.notebook,asus,694.97,512677696,87c256b2-a9a9-4c55-8867-4a3ab116aee7
2019-11-01 00:09:02 UTC,view,1305977,2053013558920217191,computers.notebook,apple,2496.59,514171705,b937acaa-d00f-456f-a4cf-1b761b31d867
2019-11-01 00:09:03 UTC,view,1801881,2053013554415534427,electronics.video.tv,samsung,488.8,557746614,4d76d6d3-fff5-4880-8327-e9e57b618e0e
2019-11-01 00:09:03 UTC,view,28718018,2053013565782098913,apparel.shoes,respect,59.2,512669930,25766713-0666-44e6-9ee8-322f48914fd4
2019-11-01 00:09:04 UTC,view,5801230,2053013553945772349,electronics.audio.subwoofer,pride,128.7,562824468,c0f72b7d-4b57-43b1-913e-d277649b1388
2019-11-01 00:09:05 UTC,view,1004792,2053013555631882655,electronics.smartphone,xiaomi,478.26,513198013,5f5e7618-afc5-41c9-abaf-dde70dd8dd50
2019-11-01 00:09:06 UTC,view,1004833,2053013555631882655,electronics.smartphone,samsung,172.23,565484491,af492b5c-85ea-413a-887f-e3219c4ed7b5
2019-11-01 00:09:07 UTC,view,28717838,2053013565069067197,apparel.shoes.keds,adidas,128.45,545220871,fa5820b7-d974-4a8f-9b84-51d9e1aa5dd3
2019-11-01 00:09:07 UTC,view,1005204,2053013555631882655,electronics.smartphone,xiaomi,150.97,566031393,8fbc7d60-6ae5-41c9-985c-cee9c52ab9ae
2019-11-01 00:09:08 UTC,view,1005016,2053013555631882655,electronics.smartphone,samsung,550.73,561713177,a45c5c9b-f8f5-4a06-a9b9-1faeb2f729c6
2019-11-01 00:09:09 UTC,view,28719296,2053013565480109009,apparel.shoes.keds,fila,95.32,548721778,fa830f7d-044c-48dd-b5d1-0e10b188ded9
2019-11-01 00:09:10 UTC,view,1003305,2053013555631882655,electronics.smartphone,apple,599.23,516477264,1e9a0a07-93cc-4cb1-89d2-b3eb2d2809d4
2019-11-01 00:09:10 UTC,view,5100564,2053013553341792533,electronics.clocks,samsung,257.87,535384245,67cc60cb-a0e1-4db0-ad5e-3bb2315c73ba
2019-11-01 00:09:10 UTC,view,28717003,2053013565069067197,apparel.shoes.keds,respect,71.82,559308648,b49a14c3-1c94-4709-a6b8-488a618a4ed1
2019-11-01 00:09:11 UTC,view,1005212,2053013555631882655,electronics.smartphone,samsung,193.22,556226281,3aa2b23a-a633-441f-8c62-9d30c6d76591
2019-11-01 00:09:11 UTC,view,14100123,2053013557670314521,electronics.audio.acoustic,yamaha,116.86,540235991,2315ecd6-036e-4cd2-a95b-c3fae3ee362d
2019-11-01 00:09:12 UTC,view,1004035,2053013555631882655,electronics.smartphone,nokia,128.42,528269305,6dce75d2-e455-4e52-ab65-af16e36f64cb
2019-11-01 00:09:12 UTC,view,4804294,2053013554658804075,electronics.audio.headphone,meizu,71.82,539460154,ec6687ca-f667-4688-8d3e-c9274499839d
2019-11-01 00:09:13 UTC,view,9002778,2053013553140465927,kids.toys,disney,10.35,544828616,73e4e5d7-dc72-4ad8-bbf7-95096ebce171
2019-11-01 00:09:13 UTC,view,1004121,2053013555631882655,electronics.smartphone,meizu,257.15,541781462,a4f2f6a4-2e0c-7195-0240-659fbb5a6534
2019-11-01 00:09:14 UTC,view,1200957,2172371436436455782,electronics.tablet,samsung,110.36,513468656,c0cb1648-2a84-46de-9e54-c10d043074f1
2019-11-01 00:09:15 UTC,view,1801967,2053013554415534427,electronics.video.tv,lg,501.92,565802271,5d1646b8-f999-40e1-a8f2-d3b100219d7c
2019-11-01 00:09:15 UTC,view,1004767,2053013555631882655,electronics.smartphone,samsung,242.63,559525251,6724079a-76e2-45d3-ab79-743a8353118b
2019-11-01 00:09:15 UTC,view,1005119,2053013555631882655,electronics.smartphone,apple,1027.44,516784799,a20e85c0-5657-4682-9a32-40189ea62466
2019-11-01 00:09:16 UTC,view,1002544,2053013555631882655,electronics.smartphone,apple,458.28,540508491,33a0d8f4-c388-4ce7-85f4-7b1f11563d6a
2019-11-01 00:09:17 UTC,view,1005175,2053013555631882655,electronics.smartphone,samsung,643.23,552158913,3489c69c-4a48-4884-8a80-9fc5107e9d0a
2019-11-01 00:09:17 UTC,cart,1004856,2053013555631882655,electronics.smartphone,samsung,128.42,513645631,61ceaf50-820a-4858-9a68-bab804d47a22
2019-11-01 00:09:18 UTC,view,1005016,2053013555631882655,electronics.smartphone,samsung,550.73,561713177,a45c5c9b-f8f5-4a06-a9b9-1faeb2f729c6
2019-11-01 00:09:18 UTC,view,1004166,2053013555631882655,electronics.smartphone,xiaomi,153.49,512946784,c3848fac-a6a0-4fb3-a193-f17f9738324a
2019-11-01 00:09:18 UTC,view,42700009,2100065080828756704,auto.accessories.winch,t-max,645.83,526843659,a3f6af17-97a2-45e5-98bc-f20779764bcd
2019-11-01 00:09:18 UTC,view,13200019,2053013557192163841,furniture.bedroom.bed,sv,386.37,560134869,a48a30b6-61b5-4816-8fe6-d9e69b65aed4
2019-11-01 00:09:19 UTC,view,3601489,2053013563810775923,appliances.kitchen.washer,samsung,476.17,520735503,eef94460-d329-472e-9956-baaf680cd165
2019-11-01 00:09:19 UTC,view,1004958,2053013555631882655,electronics.smartphone,xiaomi,330.63,517119857,cac9ec0c-002c-4753-bb20-42a92c0c6c95
2019-11-01 00:09:20 UTC,view,1004767,2053013555631882655,electronics.smartphone,samsung,242.63,560040401,b9670f56-94b3-4e99-9901-b420ac7c2cb2
2019-11-01 00:09:21 UTC,view,1005135,2053013555631882655,electronics.smartphone,apple,1665.36,516003759,b50cf7fc-89d3-49d0-a23b-e75656fd10d2
2019-11-01 00:09:23 UTC,view,4803879,2053013554658804075,electronics.audio.headphone,xiaomi,70.79,543653226,ab310b47-1eb2-45f8-8e5b-21ab2010925a
2019-11-01 00:09:23 UTC,cart,1801881,2053013554415534427,electronics.video.tv,samsung,488.8,557746614,4d76d6d3-fff5-4880-8327-e9e57b618e0e
2019-11-01 00:09:23 UTC,view,1004140,2053013555631882655,electronics.smartphone,xiaomi,117.87,514173771,e2e0c325-e3c0-4f77-83b7-a11d600f5dd3
2019-11-01 00:09:25 UTC,view,6500895,2053013554155487563,computers.components.motherboard,gigabyte,50.61,545157048,c7e2474c-5059-4dc4-babf-d76753440df9
2019-11-01 00:09:25 UTC,view,1005100,2053013555631882655,electronics.smartphone,samsung,139.68,515339751,2a010441-e0a2-4308-b718-ebc5d33e913a
2019-11-01 00:09:26 UTC,view,1005115,2053013555631882655,electronics.smartphone,apple,949.47,560040401,b9670f56-94b3-4e99-9901-b420ac7c2cb2
2019-11-01 00:09:27 UTC,view,1201465,2172371436436455782,electronics.tablet,samsung,234.6,513468656,c0cb1648-2a84-46de-9e54-c10d043074f1
2019-11-01 00:09:31 UTC,view,1004767,2053013555631882655,electronics.smartphone,samsung,242.63,566281911,c5215e98-e7af-45bd-b289-80c25072defc
2019-11-01 00:09:31 UTC,view,1002532,2053013555631882655,electronics.smartphone,apple,532.57,518077588,2e5d02b9-a24b-4a02-83ec-173840f2fcdf
2019-11-01 00:09:34 UTC,view,1005105,2053013555631882655,electronics.smartphone,apple,1348.61,566281921,d59014fd-25d3-4a9e-9a91-a3f25687da63
2019-11-01 00:09:34 UTC,view,1201391,2172371436436455782,electronics.tablet,apple,1518.44,566193886,0e5a243a-383f-4785-a91c-82f8f5896acc
2019-11-01 00:09:34 UTC,view,1004833,2053013555631882655,electronics.smartphone,samsung,172.23,548101456,828d1ec7-7126-4a09-b85a-0c12a06d7089
2019-11-01 00:09:36 UTC,view,1005160,2053013555631882655,electronics.smartphone,xiaomi,212.08,512946784,c3848fac-a6a0-4fb3-a193-f17f9738324a
2019-11-01 00:09:36 UTC,view,1005115,2053013555631882655,electronics.smartphone,apple,949.47,560040401,b9670f56-94b3-4e99-9901-b420ac7c2cb2
2019-11-01 00:09:36 UTC,view,1004158,2053013555631882655,electronics.smartphone,samsung,733.61,560865203,60f6a4d4-7351-4966-8dba-5a43435e7bb1
2019-11-01 00:09:38 UTC,view,1005144,2053013555631882655,electronics.smartphone,apple,1661.09,518077588,2e5d02b9-a24b-4a02-83ec-173840f2fcdf
2019-11-01 00:09:38 UTC,view,4803878,2053013554658804075,electronics.audio.headphone,xiaomi,51.46,554206935,d0b2c12a-019d-4fba-a2ef-9874f190ab5b
2019-11-01 00:09:39 UTC,view,1005105,2053013555631882655,electronics.smartphone,apple,1348.61,566281921,d59014fd-25d3-4a9e-9a91-a3f25687da63
2019-11-01 00:09:39 UTC,view,5100491,2053013553341792533,electronics.clocks,xiaomi,245.54,516161337,bb45b783-30d3-41b1-8e16-4be4b035fa10
2019-11-01 00:09:40 UTC,view,28718041,2053013565069067197,apparel.shoes.keds,millionaire,79.02,559308648,b49a14c3-1c94-4709-a6b8-488a618a4ed1
2019-11-01 00:09:41 UTC,view,1480150,2053013561092866779,computers.desktop,neo,797.7,555942729,2f64db5b-13d5-4895-8bc8-94bc50c51abc
2019-11-01 00:09:41 UTC,view,1004785,2053013555631882655,electronics.smartphone,huawei,266.0,514274144,cec245e2-71f2-4505-b214-aadb328a5932
2019-11-01 00:09:42 UTC,view,1800930,2053013554415534427,electronics.video.tv,sony,329.22,515782589,f2081cf0-0ee3-4bf1-9b40-e5e580f9ace3
2019-11-01 00:09:42 UTC,view,29100044,2053013565916316649,appliances.personal.massager,vitek,43.98,566175330,680fb144-6940-4931-85e6-16dda8d4e2d5
2019-11-01 00:09:42 UTC,view,1306752,2053013558920217191,computers.notebook,lenovo,741.31,512677696,87c256b2-a9a9-4c55-8867-4a3ab116aee7
2019-11-01 00:09:43 UTC,view,16700076,2053013559901684381,furniture.kitchen.chair,domini,77.22,518784715,adf57aa6-b068-4c58-89f8-6e589219d135
2019-11-01 00:09:46 UTC,view,28716669,2053013565782098913,apparel.shoes,respect,68.21,512669930,25766713-0666-44e6-9ee8-322f48914fd4
2019-11-01 00:09:46 UTC,view,1005211,2053013555631882655,electronics.smartphone,samsung,193.26,556226281,3aa2b23a-a633-441f-8c62-9d30c6d76591
2019-11-01 00:09:47 UTC,view,1004856,2053013555631882655,electronics.smartphone,samsung,128.42,513645631,61ceaf50-820a-4858-9a68-bab804d47a22
2019-11-01 00:09:47 UTC,view,1004727,2053013555631882655,electronics.smartphone,sony,179.67,513426356,ce64d9bd-c9e6-40ce-a173-f27972f6cb7a
2019-11-01 00:09:48 UTC,view,13201002,2053013557192163841,furniture.bedroom.bed,stendmebel,176.04,538802610,7c2e7628-6ac8-4cb6-8eee-934b989d02a7
2019-11-01 00:09:50 UTC,view,1005102,2053013555631882655,electronics.smartphone,xiaomi,431.31,564280011,78fcfe93-d480-4b54-abf7-66aa8b152756
2019-11-01 00:09:50 UTC,view,4804294,2053013554658804075,electronics.audio.headphone,meizu,71.82,539460154,ec6687ca-f667-4688-8d3e-c9274499839d
2019-11-01 00:09:50 UTC,view,1802109,2053013554415534427,electronics.video.tv,blaupunkt,514.79,556727865,8a62e764-2e34-4122-9842-349faabbe5d8
2019-11-01 00:09:51 UTC,view,1004961,2053013555631882655,electronics.smartphone,oppo,166.41,565241757,1fba936f-fb88-485a-97fc-825ddbf43a33
2019-11-01 00:09:51 UTC,view,1005175,2053013555631882655,electronics.smartphone,samsung,643.23,561713177,a45c5c9b-f8f5-4a06-a9b9-1faeb2f729c6
2019-11-01 00:09:52 UTC,view,12300702,2053013556311359947,construction.tools.drill,hitachi,120.21,522235989,6f6c15ce-b3e9-41e0-8852-44cc21183595
2019-11-01 00:09:52 UTC,view,1004505,2053013555631882655,electronics.smartphone,xiaomi,553.17,561121118,9df1f0b8-7501-432b-b622-cc5fc3398faa
2019-11-01 00:09:53 UTC,view,1004856,2053013555631882655,electronics.smartphone,samsung,128.42,566031393,8fbc7d60-6ae5-41c9-985c-cee9c52ab9ae
2019-11-01 00:09:53 UTC,view,10201206,2053013553224352013,kids.dolls,llorens,38.59,566281952,71c0ffb8-eaa6-4dd2-a49b-5e5092dd47b2
2019-11-01 00:09:53 UTC,view,28715953,2053013565127787455,apparel.shoes,etor,108.11,545220871,fa5820b7-d974-4a8f-9b84-51d9e1aa5dd3
2019-11-01 00:09:54 UTC,view,1002542,2053013555631882655,electronics.smartphone,apple,486.8,540508491,33a0d8f4-c388-4ce7-85f4-7b1f11563d6a
2019-11-01 00:09:54 UTC,view,6500895,2053013554155487563,computers.components.motherboard,gigabyte,50.61,545157048,c7e2474c-5059-4dc4-babf-d76753440df9
2019-11-01 00:09:55 UTC,view,1004035,2053013555631882655,electronics.smartphone,nokia,128.42,528269305,6dce75d2-e455-4e52-ab65-af16e36f64cb
2019-11-01 00:09:55 UTC,view,2300295,2053013560530830019,electronics.camera.video,gopro,231.41,516188611,397f8c4d-7c4f-4710-9634-87bb89df467e
2019-11-01 00:09:56 UTC,view,1005160,2053013555631882655,electronics.smartphone,xiaomi,212.08,512946784,c3848fac-a6a0-4fb3-a193-f17f9738324a
2019-11-01 00:09:56 UTC,view,1004739,2053013555631882655,electronics.smartphone,xiaomi,203.09,561121118,9df1f0b8-7501-432b-b622-cc5fc3398faa
2019-11-01 00:09:57 UTC,view,1005239,2053013555631882655,electronics.smartphone,xiaomi,280.57,513256515,105a5409-453f-4e26-a650-1ffbc4c908eb
2019-11-01 00:09:57 UTC,view,1004833,2053013555631882655,electronics.smartphone,samsung,172.23,518077588,2e5d02b9-a24b-4a02-83ec-173840f2fcdf
2019-11-01 00:10:00 UTC,view,28712566,2053013565782098913,apparel.shoes,respect,89.84,512669930,25766713-0666-44e6-9ee8-322f48914fd4
2019-11-01 00:10:01 UTC,view,4803585,2053013554658804075,electronics.audio.headphone,huawei,102.68,515589355,1e656bd8-a402-48a7-add4-a9b0312bfa8d
2019-11-01 00:10:01 UTC,view,1005144,2053013555631882655,electronics.smartphone,apple,1661.09,516003759,b50cf7fc-89d3-49d0-a23b-e75656fd10d2
2019-11-01 00:10:01 UTC,view,4804660,2053013554658804075,electronics.audio.headphone,xiaomi,23.05,554206935,d0b2c12a-019d-4fba-a2ef-9874f190ab5b
2019-11-01 00:10:03 UTC,view,1004767,2053013555631882655,electronics.smartphone,samsung,242.63,549987439,934b3598-e2de-46f7-9c1c-5d3a2bf4e83c
2019-11-01 00:10:03 UTC,view,1004158,2053013555631882655,electronics.smartphone,samsung,733.61,560865203,60f6a4d4-7351-4966-8dba-5a43435e7bb1
2019-11-01 00:10:04 UTC,view,1307540,2053013558920217191,computers.notebook,asus,903.73,512677696,87c256b2-a9a9-4c55-8867-4a3ab116aee7
2019-11-01 00:10:06 UTC,view,1005115,2053013555631882655,electronics.smartphone,apple,949.47,551128812,533f3f6f-9db3-41ac-b678-037fdf265536
2019-11-01 00:10:06 UTC,view,4804056,2053013554658804075,electronics.audio.headphone,apple,160.57,512778900,5cddc084-9607-4f61-bd39-d27082e6c980
2019-11-01 00:10:07 UTC,view,4804294,2053013554658804075,electronics.audio.headphone,meizu,71.82,539460154,ec6687ca-f667-4688-8d3e-c9274499839d
2019-11-01 00:10:07 UTC,view,1004904,2053013555631882655,electronics.smartphone,huawei,106.54,514274144,cec245e2-71f2-4505-b214-aadb328a5932
2019-11-01 00:10:07 UTC,view,28716984,2053013565069067197,apparel.shoes.keds,respect,71.82,559308648,b49a14c3-1c94-4709-a6b8-488a618a4ed1
2019-11-01 00:10:08 UTC,view,1005160,2053013555631882655,electronics.smartphone,xiaomi,212.08,513256515,105a5409-453f-4e26-a650-1ffbc4c908eb
2019-11-01 00:10:08 UTC,cart,1004856,2053013555631882655,electronics.smartphone,samsung,128.42,513645631,61ceaf50-820a-4858-9a68-bab804d47a22
2019-11-01 00:10:09 UTC,view,1003461,2053013555631882655,electronics.smartphone,xiaomi,489.07,561121118,9df1f0b8-7501-432b-b622-cc5fc3398faa
2019-11-01 00:10:10 UTC,view,9002778,2053013553140465927,kids.toys,disney,10.35,544828616,dd25afb4-74d7-4878-80e8-85acb59b5a74
2019-11-01 00:10:10 UTC,view,1801967,2053013554415534427,electronics.video.tv,lg,501.92,565802271,5d1646b8-f999-40e1-a8f2-d3b100219d7c
2019-11-01 00:10:12 UTC,purchase,1801881,2053013554415534427,electronics.video.tv,samsung,488.8,557746614,4d76d6d3-fff5-4880-8327-e9e57b618e0e
2019-11-01 00:10:12 UTC,view,28719156,2116907519078040377,apparel.shoes,salamander,127.42,556046096,1c2e4d24-1fde-4b17-90df-43ddc0c7cb08
2019-11-01 00:10:13 UTC,view,1004766,2053013555631882655,electronics.smartphone,samsung,242.72,450284033,6be7d808-ddcb-40ec-9b95-98e92c1ed9fb
2019-11-01 00:10:13 UTC,view,1480150,2053013561092866779,computers.desktop,neo,797.7,555942729,2f64db5b-13d5-4895-8bc8-94bc50c51abc
2019-11-01 00:10:13 UTC,view,5700850,2053013553970938175,auto.accessories.player,alpine,120.98,519385969,aa169aa6-36d3-4d22-9cbf-a4eacda65e90
2019-11-01 00:10:14 UTC,view,1307540,2053013558920217191,computers.notebook,asus,903.73,512677696,87c256b2-a9a9-4c55-8867-4a3ab116aee7
2019-11-01 00:10:16 UTC,view,1004249,2053013555631882655,electronics.smartphone,apple,722.4,551128812,533f3f6f-9db3-41ac-b678-037fdf265536
2019-11-01 00:10:17 UTC,view,1005115,2053013555631882655,electronics.smartphone,apple,949.47,545680665,e2fc5e1b-d8f1-4dc0-a8bb-eba63a7eca00
2019-11-01 00:10:18 UTC,view,28300821,2053013566243472379,accessories.wallet,picard,100.39,524639276,e3aced45-40e6-45e2-98ca-7fa5445ca65d
2019-11-01 00:10:18 UTC,view,1201362,2172371436436455782,electronics.tablet,acer,178.9,513468656,c0cb1648-2a84-46de-9e54-c10d043074f1
2019-11-01 00:10:18 UTC,view,1005105,2053013555631882655,electronics.smartphone,apple,1348.61,566282003,d9d7e09d-be08-428b-8b39-561514b1b0b6
2019-11-01 00:10:21 UTC,view,1005099,2053013555631882655,electronics.smartphone,samsung,139.64,512432743,a69bb438-d8ea-416b-8274-475a431823a3
2019-11-01 00:10:21 UTC,view,4804056,2053013554658804075,electronics.audio.headphone,apple,160.57,522355747,0a1f37d1-71b7-4645-a8a7-ab91bc198a51
2019-11-01 00:10:22 UTC,view,1005115,2053013555631882655,electronics.smartphone,apple,949.47,560040401,b9670f56-94b3-4e99-9901-b420ac7c2cb2
2019-11-01 00:10:22 UTC,view,1005105,2053013555631882655,electronics.smartphone,apple,1348.61,534313202,86171b68-6479-4b53-b129-5be669c12493
2019-11-01 00:10:24 UTC,view,29100044,2053013565916316649,appliances.personal.massager,vitek,43.98,566175330,680fb144-6940-4931-85e6-16dda8d4e2d5
2019-11-01 00:10:25 UTC,view,30000218,2127425436764865054,construction.tools.welding,magnetta,254.78,566282019,1ad462bc-ab74-4499-b556-fcfd1af41c21
2019-11-01 00:10:25 UTC,view,10201206,2053013553224352013,kids.dolls,llorens,38.59,550340982,c3b86b0f-8e11-48a6-b40b-52afc37826fa
2019-11-01 00:10:25 UTC,view,1005116,2053013555631882655,electronics.smartphone,apple,1013.86,516316320,09f7c792-fb5a-44aa-b0d4-624f503cf803
2019-11-01 00:10:26 UTC,view,1004166,2053013555631882655,electronics.smartphone,xiaomi,153.49,517775322,723a4611-2a88-4e0f-a4c5-6e49ea19e1cb
2019-11-01 00:10:26 UTC,view,1005175,2053013555631882655,electronics.smartphone,samsung,643.23,561713177,a45c5c9b-f8f5-4a06-a9b9-1faeb2f729c6
2019-11-01 00:10:27 UTC,view,13200405,2053013557192163841,furniture.bedroom.bed,brw,429.87,565083463,89bad494-b844-4847-9cdc-ef03ad1afb10
2019-11-01 00:10:30 UTC,view,1480557,2053013561092866779,computers.desktop,netechnics,772.19,555942729,2f64db5b-13d5-4895-8bc8-94bc50c51abc
2019-11-01 00:10:30 UTC,view,28714396,2053013565069067197,apparel.shoes.keds,nike,94.98,559308648,b49a14c3-1c94-4709-a6b8-488a618a4ed1
2019-11-01 00:10:30 UTC,view,1004856,2053013555631882655,electronics.smartphone,samsung,128.42,566031393,8fbc7d60-6ae5-41c9-985c-cee9c52ab9ae
2019-11-01 00:10:31 UTC,view,30000093,2127425436764865054,construction.tools.welding,fubag,896.81,525377149,fee9aa92-01f6-461c-b5fa-579f4152d3a4
2019-11-01 00:10:31 UTC,view,1802108,2053013554415534427,electronics.video.tv,blaupunkt,283.12,556727865,8a62e764-2e34-4122-9842-349faabbe5d8
2019-11-01 00:10:32 UTC,view,3601343,2053013563810775923,appliances.kitchen.washer,samsung,437.33,564223175,dad1077a-57d4-4601-b038-e090fd064a96
2019-11-01 00:10:32 UTC,view,4804660,2053013554658804075,electronics.audio.headphone,xiaomi,23.05,554206935,d0b2c12a-019d-4fba-a2ef-9874f190ab5b
2019-11-01 00:10:32 UTC,view,1801905,2053013554415534427,electronics.video.tv,samsung,1029.37,543638253,b3747164-e7c6-453c-b061-297aa303fbfe
2019-11-01 00:10:34 UTC,view,1005211,2053013555631882655,electronics.smartphone,samsung,193.26,556226281,3aa2b23a-a633-441f-8c62-9d30c6d76591
2019-11-01 00:10:34 UTC,view,3600182,2053013563810775923,appliances.kitchen.washer,midea,121.71,533312397,329d72f6-e7e1-45ad-859b-04a20501b698
2019-11-01 00:10:34 UTC,view,1005265,2053013555631882655,electronics.smartphone,xiaomi,203.27,513198013,5f5e7618-afc5-41c9-abaf-dde70dd8dd50
2019-11-01 00:10:34 UTC,view,4803585,2053013554658804075,electronics.audio.headphone,huawei,102.68,515589355,1e656bd8-a402-48a7-add4-a9b0312bfa8d
2019-11-01 00:10:34 UTC,view,1004958,2053013555631882655,electronics.smartphone,xiaomi,330.63,540508491,33a0d8f4-c388-4ce7-85f4-7b1f11563d6a
2019-11-01 00:10:35 UTC,view,1004781,2053013555631882655,electronics.smartphone,huawei,254.71,512946784,c3848fac-a6a0-4fb3-a193-f17f9738324a
2019-11-01 00:10:36 UTC,view,1004870,2053013555631882655,electronics.smartphone,samsung,275.25,560040401,b9670f56-94b3-4e99-9901-b420ac7c2cb2
2019-11-01 00:10:36 UTC,view,1005121,2053013555631882655,electronics.smartphone,apple,973.41,540350609,c7f362e3-d08e-4eaa-8a34-a07b1966b128
2019-11-01 00:10:36 UTC,view,1005158,2053013555631882655,electronics.smartphone,xiaomi,306.31,512712071,e474f04d-09d6-433b-9792-05e9c5139f53
2019-11-01 00:10:37 UTC,view,1201362,2172371436436455782,electronics.tablet,acer,178.9,513468656,c0cb1648-2a84-46de-9e54-c10d043074f1
2019-11-01 00:10:38 UTC,purchase,14300017,2053013557603205653,electronics.audio.music_tools.piano,cortland,84.94,538417163,3dae61c1-d018-44fd-b95a-b6b7659f11e3
2019-11-01 00:10:39 UTC,view,1004166,2053013555631882655,electronics.smartphone,xiaomi,153.49,517775322,723a4611-2a88-4e0f-a4c5-6e49ea19e1cb
2019-11-01 00:10:40 UTC,view,5100337,2053013553341792533,electronics.clocks,apple,317.67,566281222,0f8414c9-6d1b-47a6-b2d3-ea56ba95f99f
2019-11-01 00:10:41 UTC,view,4804660,2053013554658804075,electronics.audio.headphone,xiaomi,23.05,554206935,d0b2c12a-019d-4fba-a2ef-9874f190ab5b
2019-11-01 00:10:42 UTC,view,28712327,2053013565639492569,apparel.shoes,baden,64.61,560601602,904572a9-9101-4ad4-b04d-6acc2ce4b9c0
2019-11-01 00:10:42 UTC,view,1500440,2053013552955916539,computers.peripherals.printer,epson,174.73,552249856,ebfe62dd-197a-4696-9344-75b4d15f43a0
2019-11-01 00:10:43 UTC,view,1004785,2053013555631882655,electronics.smartphone,huawei,266.0,513150327,11f88a8f-adbc-4cec-b1b4-2737c8673906
2019-11-01 00:10:45 UTC,cart,4804056,2053013554658804075,electronics.audio.headphone,apple,160.57,522355747,0a1f37d1-71b7-4645-a8a7-ab91bc198a51
2019-11-01 00:10:46 UTC,view,4804660,2053013554658804075,electronics.audio.headphone,xiaomi,23.05,554206935,d0b2c12a-019d-4fba-a2ef-9874f190ab5b
2019-11-01 00:10:47 UTC,view,1005215,2053013555631882655,electronics.smartphone,samsung,1544.42,552177592,af48aa35-c497-4299-af94-c295486627f4
2019-11-01 00:10:47 UTC,view,1306521,2053013558920217191,computers.notebook,asus,1672.89,514171705,b937acaa-d00f-456f-a4cf-1b761b31d867
2019-11-01 00:10:47 UTC,purchase,1005124,2053013555631882655,electronics.smartphone,apple,1583.48,562210838,a58d94c8-c0d4-4f24-bf3c-04c4e69ea153
2019-11-01 00:10:47 UTC,view,2900958,2053013554776244595,appliances.kitchen.microwave,arg,56.6,523239524,9f1a2299-c677-43c7-8da0-5af0ec8287d0
2019-11-01 00:10:49 UTC,view,1004169,2053013555631882655,electronics.smartphone,nokia,290.11,528269305,6dce75d2-e455-4e52-ab65-af16e36f64cb
2019-11-01 00:10:49 UTC,view,1801881,2053013554415534427,electronics.video.tv,samsung,488.8,557746614,4d76d6d3-fff5-4880-8327-e9e57b618e0e
2019-11-01 00:10:50 UTC,view,1004781,2053013555631882655,electronics.smartphone,huawei,254.71,512946784,c3848fac-a6a0-4fb3-a193-f17f9738324a
2019-11-01 00:10:50 UTC,view,4803878,2053013554658804075,electronics.audio.headphone,xiaomi,51.46,554206935,d0b2c12a-019d-4fba-a2ef-9874f190ab5b
2019-11-01 00:10:50 UTC,view,1800930,2053013554415534427,electronics.video.tv,sony,329.22,515782589,f2081cf0-0ee3-4bf1-9b40-e5e580f9ace3
2019-11-01 00:10:53 UTC,view,1004873,2053013555631882655,electronics.smartphone,samsung,362.29,566281751,b062f33b-ce1c-41f1-948b-d1704acea970
2019-11-01 00:10:53 UTC,view,1005265,2053013555631882655,electronics.smartphone,xiaomi,203.27,513198013,5f5e7618-afc5-41c9-abaf-dde70dd8dd50
2019-11-01 00:10:53 UTC,view,1005160,2053013555631882655,electronics.smartphone,xiaomi,212.08,513256515,105a5409-453f-4e26-a650-1ffbc4c908eb
2019-11-01 00:10:54 UTC,view,4803878,2053013554658804075,electronics.audio.headphone,xiaomi,51.46,554206935,d0b2c12a-019d-4fba-a2ef-9874f190ab5b
2019-11-01 00:10:54 UTC,view,21400135,2053013561579406073,electronics.clocks,casio,165.26,566282082,a81fd8f0-0c4a-4bdc-a71c-23114e582daf
2019-11-01 00:10:55 UTC,view,10201206,2053013553224352013,kids.dolls,llorens,38.59,550340982,c3b86b0f-8e11-48a6-b40b-52afc37826fa
2019-11-01 00:10:55 UTC,view,1005098,2053013555631882655,electronics.smartphone,samsung,139.64,518077588,2e5d02b9-a24b-4a02-83ec-173840f2fcdf
2019-11-01 00:10:55 UTC,view,1005221,2053013555631882655,electronics.smartphone,xiaomi,282.88,512712071,e474f04d-09d6-433b-9792-05e9c5139f53
2019-11-01 00:10:55 UTC,view,1005271,2053013555631882655,electronics.smartphone,sony,952.15,512504570,5edc8055-e234-4b31-9c85-f260085a1c92
2019-11-01 00:10:58 UTC,view,4803879,2053013554658804075,electronics.audio.headphone,xiaomi,70.79,554206935,d0b2c12a-019d-4fba-a2ef-9874f190ab5b
2019-11-01 00:10:58 UTC,view,1004767,2053013555631882655,electronics.smartphone,samsung,242.63,559525251,6724079a-76e2-45d3-ab79-743a8353118b
2019-11-01 00:10:59 UTC,view,28716220,2053013565253616583,apparel.shoes.moccasins,respect,64.61,545220871,fa5820b7-d974-4a8f-9b84-51d9e1aa5dd3
2019-11-01 00:11:00 UTC,view,30901098,2053013554004492609,computers.components.cooler,aerocool,3.32,545157048,c7e2474c-5059-4dc4-babf-d76753440df9
2019-11-01 00:11:01 UTC,view,1004317,2053013555631882655,electronics.smartphone,meizu,159.26,517775322,723a4611-2a88-4e0f-a4c5-6e49ea19e1cb
2019-11-01 00:11:02 UTC,view,4804056,2053013554658804075,electronics.audio.headphone,apple,160.57,522355747,0a1f37d1-71b7-4645-a8a7-ab91bc198a51
2019-11-01 00:11:02 UTC,view,28712351,2053013565069067197,apparel.shoes.keds,millionaire,61.52,559308648,b49a14c3-1c94-4709-a6b8-488a618a4ed1
2019-11-01 00:11:03 UTC,view,1004405,2053013555631882655,electronics.smartphone,xiaomi,176.32,513198013,5f5e7618-afc5-41c9-abaf-dde70dd8dd50
2019-11-01 00:11:03 UTC,view,4803879,2053013554658804075,electronics.audio.headphone,xiaomi,70.79,554206935,d0b2c12a-019d-4fba-a2ef-9874f190ab5b
2019-11-01 00:11:03 UTC,view,1004833,2053013555631882655,electronics.smartphone,samsung,172.23,564223175,dad1077a-57d4-4601-b038-e090fd064a96
2019-11-01 00:11:03 UTC,view,4803651,2053013554658804075,electronics.audio.headphone,harper,48.91,539460154,ec6687ca-f667-4688-8d3e-c9274499839d
2019-11-01 00:11:04 UTC,view,28704120,2053013565069067197,apparel.shoes.keds,nike,61.57,522031876,39d48518-9fca-4df3-9724-950cd6ec44eb
2019-11-01 00:11:04 UTC,view,1003879,2053013555631882655,electronics.smartphone,huawei,540.27,550161284,4ac5c6d9-90d8-4896-8cf3-713bdec5be41
2019-11-01 00:11:04 UTC,purchase,1002524,2053013555631882655,electronics.smartphone,apple,531.26,549256216,dcbdc6e4-cd49-4ee8-95c5-e85f3c618fa1
2019-11-01 00:11:05 UTC,view,1005135,2053013555631882655,electronics.smartphone,apple,1665.36,534313202,86171b68-6479-4b53-b129-5be669c12493
2019-11-01 00:11:06 UTC,cart,1801881,2053013554415534427,electronics.video.tv,samsung,488.8,557746614,4d76d6d3-fff5-4880-8327-e9e57b618e0e
2019-11-01 00:11:06 UTC,view,1600557,2053013553056579841,computers.peripherals.printer,canon,151.14,552249856,ebfe62dd-197a-4696-9344-75b4d15f43a0
2019-11-01 00:11:06 UTC,view,3701000,2053013565983425517,appliances.environment.vacuum,samsung,669.18,512689665,9b2cd507-f8e4-42a4-9d4f-0eae46fc19a2
2019-11-01 00:11:07 UTC,view,1004870,2053013555631882655,electronics.smartphone,samsung,275.25,560040401,b9670f56-94b3-4e99-9901-b420ac7c2cb2
2019-11-01 00:11:08 UTC,view,28716423,2053013565782098913,apparel.shoes,respect,86.23,512669930,25766713-0666-44e6-9ee8-322f48914fd4
2019-11-01 00:11:09 UTC,view,1005271,2053013555631882655,electronics.smartphone,sony,952.15,512504570,5edc8055-e234-4b31-9c85-f260085a1c92
2019-11-01 00:11:09 UTC,view,4804474,2053013554658804075,electronics.audio.headphone,xiaomi,95.5,554206935,d0b2c12a-019d-4fba-a2ef-9874f190ab5b
2019-11-01 00:11:09 UTC,view,3700392,2053013565983425517,appliances.environment.vacuum,thomas,247.08,541647392,21ca7693-e78a-48f5-b255-42021dfc4240
2019-11-01 00:11:10 UTC,view,1004405,2053013555631882655,electronics.smartphone,xiaomi,176.32,513198013,5f5e7618-afc5-41c9-abaf-dde70dd8dd50
2019-11-01 00:11:10 UTC,view,13201327,2053013557192163841,furniture.bedroom.bed,kmk,216.2,565762943,f33d9a2a-2ed1-464a-a116-fa239845b613
2019-11-01 00:11:10 UTC,view,1004158,2053013555631882655,electronics.smartphone,samsung,733.61,560865203,a2dfee28-0b19-49aa-a589-15ec39793443
2019-11-01 00:11:12 UTC,view,1003317,2053013555631882655,electronics.smartphone,apple,928.18,516316320,09f7c792-fb5a-44aa-b0d4-624f503cf803
2019-11-01 00:11:13 UTC,view,1004159,2053013555631882655,electronics.smartphone,samsung,1253.09,552177592,af48aa35-c497-4299-af94-c295486627f4
2019-11-01 00:11:13 UTC,view,28718742,2053013565639492569,apparel.shoes,respect,102.45,560601602,904572a9-9101-4ad4-b04d-6acc2ce4b9c0
2019-11-01 00:11:13 UTC,view,1002629,2053013555631882655,electronics.smartphone,apple,358.31,566281998,21df43a6-be6a-44f6-b41c-c8fcbeb2e952
2019-11-01 00:11:13 UTC,view,1500485,2053013552955916539,computers.peripherals.printer,lexmark,69.5,566188490,c78bd75f-e8c1-4056-b961-909440a2c812
2019-11-01 00:11:14 UTC,view,1005124,2053013555631882655,electronics.smartphone,apple,1583.48,562210838,a58d94c8-c0d4-4f24-bf3c-04c4e69ea153
2019-11-01 00:11:14 UTC,view,1002881,2053013555631882655,electronics.smartphone,xiaomi,253.88,528269305,6dce75d2-e455-4e52-ab65-af16e36f64cb
2019-11-01 00:11:15 UTC,view,4804474,2053013554658804075,electronics.audio.headphone,xiaomi,95.5,554206935,d0b2c12a-019d-4fba-a2ef-9874f190ab5b
2019-11-01 00:11:15 UTC,purchase,1004856,2053013555631882655,electronics.smartphone,samsung,128.42,513645631,61ceaf50-820a-4858-9a68-bab804d47a22
2019-11-01 00:11:15 UTC,view,1004840,2053013555631882655,electronics.smartphone,huawei,946.73,514274144,cec245e2-71f2-4505-b214-aadb328a5932
2019-11-01 00:11:16 UTC,view,1004767,2053013555631882655,electronics.smartphone,samsung,242.63,564223175,dad1077a-57d4-4601-b038-e090fd064a96
2019-11-01 00:11:16 UTC,view,1004910,2053013555631882655,electronics.smartphone,sony,1029.32,512504570,5edc8055-e234-4b31-9c85-f260085a1c92
2019-11-01 00:11:17 UTC,view,1005171,2053013555631882655,electronics.smartphone,samsung,216.18,513241713,8ce43266-bfa2-4f1a-9e16-8f2f8fb4b6aa
2019-11-01 00:11:17 UTC,view,12400121,2053013556252639687,construction.tools.drill,alteco,44.53,547002321,e75f6c48-35c9-4921-a0ed-3eaab59dd1f5
2019-11-01 00:11:18 UTC,view,1004249,2053013555631882655,electronics.smartphone,apple,722.4,566281975,8f636d6a-4a2a-476e-8c32-7db9cc2af2ae
2019-11-01 00:11:19 UTC,view,1802099,2053013554415534427,electronics.video.tv,blaupunkt,514.79,556727865,8a62e764-2e34-4122-9842-349faabbe5d8
2019-11-01 00:11:19 UTC,view,1005112,2053013555631882655,electronics.smartphone,apple,1003.63,566281992,1c533ddd-80bc-4673-b951-5d9d5e0755ec
2019-11-01 00:11:20 UTC,view,10201206,2053013553224352013,kids.dolls,llorens,38.59,550340982,c3b86b0f-8e11-48a6-b40b-52afc37826fa
2019-11-01 00:11:21 UTC,view,28300068,2053013566243472379,accessories.wallet,picard,63.06,524639276,e3aced45-40e6-45e2-98ca-7fa5445ca65d
2019-11-01 00:11:22 UTC,view,5100491,2053013553341792533,electronics.clocks,xiaomi,245.54,516161337,bb45b783-30d3-41b1-8e16-4be4b035fa10
2019-11-01 00:11:22 UTC,view,1005099,2053013555631882655,electronics.smartphone,samsung,139.64,512432743,a69bb438-d8ea-416b-8274-475a431823a3
2019-11-01 00:11:23 UTC,view,1004317,2053013555631882655,electronics.smartphone,meizu,159.26,517775322,723a4611-2a88-4e0f-a4c5-6e49ea19e1cb
2019-11-01 00:11:24 UTC,view,1480557,2053013561092866779,computers.desktop,netechnics,772.19,555942729,2f64db5b-13d5-4895-8bc8-94bc50c51abc
2019-11-01 00:11:24 UTC,view,1306521,2053013558920217191,computers.notebook,asus,1672.89,514171705,b937acaa-d00f-456f-a4cf-1b761b31d867
2019-11-01 00:11:25 UTC,view,1005264,2053013555631882655,electronics.smartphone,xiaomi,198.18,513198013,5f5e7618-afc5-41c9-abaf-dde70dd8dd50
2019-11-01 00:11:25 UTC,view,57300036,2173216765583032544,apparel.shirt,jordan,102.71,515005556,b8ebac17-5739-474e-b3aa-4d36a46f9611
2019-11-01 00:11:28 UTC,view,2701727,2053013563911439225,appliances.kitchen.refrigerators,beko,293.56,539701280,a9e5a322-c765-d52d-b382-07af17908468
2019-11-01 00:11:28 UTC,view,1003535,2053013555631882655,electronics.smartphone,samsung,460.5,564280011,78fcfe93-d480-4b54-abf7-66aa8b152756
2019-11-01 00:11:29 UTC,view,3700392,2053013565983425517,appliances.environment.vacuum,thomas,247.08,541647392,21ca7693-e78a-48f5-b255-42021dfc4240
2019-11-01 00:11:30 UTC,view,1004849,2053013555631882655,electronics.smartphone,huawei,946.73,514274144,cec245e2-71f2-4505-b214-aadb328a5932
2019-11-01 00:11:30 UTC,view,1005140,2053013555631882655,electronics.smartphone,apple,1455.57,516003759,b50cf7fc-89d3-49d0-a23b-e75656fd10d2
2019-11-01 00:11:31 UTC,view,3701000,2053013565983425517,appliances.environment.vacuum,samsung,669.18,512689665,9b2cd507-f8e4-42a4-9d4f-0eae46fc19a2
2019-11-01 00:11:32 UTC,view,1307263,2053013558920217191,computers.notebook,hp,774.02,512677696,87c256b2-a9a9-4c55-8867-4a3ab116aee7
2019-11-01 00:11:33 UTC,view,1500208,2053013552955916539,computers.peripherals.printer,xerox,101.16,566188490,c78bd75f-e8c1-4056-b961-909440a2c812
2019-11-01 00:11:33 UTC,view,1005264,2053013555631882655,electronics.smartphone,xiaomi,198.18,513198013,5f5e7618-afc5-41c9-abaf-dde70dd8dd50
2019-11-01 00:11:33 UTC,view,28717076,2053013565069067197,apparel.shoes.keds,puma,100.13,559308648,b49a14c3-1c94-4709-a6b8-488a618a4ed1
2019-11-01 00:11:34 UTC,view,4804295,2053013554658804075,electronics.audio.headphone,xiaomi,22.8,554206935,d0b2c12a-019d-4fba-a2ef-9874f190ab5b
2019-11-01 00:11:34 UTC,view,1004792,2053013555631882655,electronics.smartphone,xiaomi,478.26,540508491,33a0d8f4-c388-4ce7-85f4-7b1f11563d6a
2019-11-01 00:11:34 UTC,view,1004767,2053013555631882655,electronics.smartphone,samsung,242.63,550343218,16279dc1-99f6-4c90-bc8e-05c8fedc088b
2019-11-01 00:11:34 UTC,view,1004738,2053013555631882655,electronics.smartphone,sony,463.05,512504570,5edc8055-e234-4b31-9c85-f260085a1c92
2019-11-01 00:11:36 UTC,view,1002532,2053013555631882655,electronics.smartphone,apple,532.57,566281998,21df43a6-be6a-44f6-b41c-c8fcbeb2e952
2019-11-01 00:11:36 UTC,view,4804056,2053013554658804075,electronics.audio.headphone,apple,160.57,512778900,5cddc084-9607-4f61-bd39-d27082e6c980
2019-11-01 00:11:39 UTC,view,1005174,2053013555631882655,electronics.smartphone,samsung,643.23,512432743,a69bb438-d8ea-416b-8274-475a431823a3
2019-11-01 00:11:40 UTC,view,28716423,2053013565782098913,apparel.shoes,respect,86.23,512669930,25766713-0666-44e6-9ee8-322f48914fd4
2019-11-01 00:11:41 UTC,view,28719272,2053013565639492569,apparel.shoes,rieker,73.36,524178265,1caf8eb4-d62d-4469-a373-690284b29211
2019-11-01 00:11:42 UTC,view,1004224,2053013555631882655,electronics.smartphone,xiaomi,435.02,513198013,5f5e7618-afc5-41c9-abaf-dde70dd8dd50
2019-11-01 00:11:44 UTC,view,4804056,2053013554658804075,electronics.audio.headphone,apple,160.57,512778900,5cddc084-9607-4f61-bd39-d27082e6c980
2019-11-01 00:11:44 UTC,view,4804295,2053013554658804075,electronics.audio.headphone,xiaomi,22.8,566243643,1e1ae9e7-5e2d-45ac-8e57-0d744fc096e9
2019-11-01 00:11:44 UTC,purchase,1480557,2053013561092866779,computers.desktop,netechnics,772.19,555942729,2f64db5b-13d5-4895-8bc8-94bc50c51abc
2019-11-01 00:11:45 UTC,view,3200549,2053013555321504139,appliances.kitchen.meat_grinder,dauscher,30.86,517399020,1cffc608-9a32-4f7a-ac63-ae34b73f4baf
2019-11-01 00:11:46 UTC,view,4804295,2053013554658804075,electronics.audio.headphone,xiaomi,22.8,554206935,d0b2c12a-019d-4fba-a2ef-9874f190ab5b
2019-11-01 00:11:46 UTC,view,1004738,2053013555631882655,electronics.smartphone,sony,463.05,512504570,5edc8055-e234-4b31-9c85-f260085a1c92
2019-11-01 00:11:46 UTC,view,1801542,2053013554415534427,electronics.video.tv,lg,499.34,565802271,5d1646b8-f999-40e1-a8f2-d3b100219d7c
2019-11-01 00:11:47 UTC,view,1004361,2053013555631882655,electronics.smartphone,apple,1155.73,540350609,c7f362e3-d08e-4eaa-8a34-a07b1966b128
2019-11-01 00:11:47 UTC,view,1003441,2053013555631882655,electronics.smartphone,nokia,406.67,528269305,6dce75d2-e455-4e52-ab65-af16e36f64cb
2019-11-01 00:11:48 UTC,cart,1002532,2053013555631882655,electronics.smartphone,apple,532.57,566281998,21df43a6-be6a-44f6-b41c-c8fcbeb2e952
2019-11-01 00:11:48 UTC,view,43300107,2097815753423061045,apparel.tshirt,nike,32.18,515005556,b8ebac17-5739-474e-b3aa-4d36a46f9611
2019-11-01 00:11:48 UTC,view,1005129,2053013555631882655,electronics.smartphone,apple,1337.23,518267348,61f913b1-ed5f-4495-8139-7e3e20be92c3
2019-11-01 00:11:48 UTC,view,14700376,2053013557133443581,furniture.living_room.cabinet,permanence,988.42,512840594,a6b3c24f-03b1-4a57-bc4b-56b1d980098c
2019-11-01 00:11:48 UTC,view,35200189,2090228413380952337,apparel.underwear,milavitsa,18.56,553388719,b9076a7d-555e-4309-af7d-28ba0d7830df
2019-11-01 00:11:50 UTC,view,1005105,2053013555631882655,electronics.smartphone,apple,1348.61,566282164,97f1006b-cbcb-46b0-9fd6-07003b7da293
2019-11-01 00:11:51 UTC,view,28714350,2053013565069067197,apparel.shoes.keds,nike,100.39,522031876,39d48518-9fca-4df3-9724-950cd6ec44eb
2019-11-01 00:11:52 UTC,view,4803878,2053013554658804075,electronics.audio.headphone,xiaomi,51.46,566282173,353fa301-8326-4e62-a05c-2122de000cc7
2019-11-01 00:11:53 UTC,view,21400996,2053013561579406073,electronics.clocks,casio,79.54,543653226,ab310b47-1eb2-45f8-8e5b-21ab2010925a
2019-11-01 00:11:53 UTC,view,1004322,2053013555631882655,electronics.smartphone,huawei,334.37,514274144,cec245e2-71f2-4505-b214-aadb328a5932
2019-11-01 00:11:54 UTC,view,1307263,2053013558920217191,computers.notebook,hp,774.02,512677696,87c256b2-a9a9-4c55-8867-4a3ab116aee7
2019-11-01 00:11:55 UTC,view,1004224,2053013555631882655,electronics.smartphone,xiaomi,435.02,513198013,5f5e7618-afc5-41c9-abaf-dde70dd8dd50
2019-11-01 00:11:56 UTC,view,1005135,2053013555631882655,electronics.smartphone,apple,1665.36,534313202,86171b68-6479-4b53-b129-5be669c12493
2019-11-01 00:11:58 UTC,view,4804056,2053013554658804075,electronics.audio.headphone,apple,160.57,512778900,5cddc084-9607-4f61-bd39-d27082e6c980
2019-11-01 00:11:59 UTC,view,28704600,2053013565127787455,apparel.shoes,etor,100.39,545220871,fa5820b7-d974-4a8f-9b84-51d9e1aa5dd3
2019-11-01 00:11:59 UTC,view,1005115,2053013555631882655,electronics.smartphone,apple,949.47,512458378,7f344445-80ce-4b09-89b2-c6d701686a1b
2019-11-01 00:12:00 UTC,view,30000093,2127425436764865054,construction.tools.welding,fubag,896.81,525377149,fee9aa92-01f6-461c-b5fa-579f4152d3a4
2019-11-01 00:12:01 UTC,view,1004856,2053013555631882655,electronics.smartphone,samsung,128.42,562704368,f3a94163-3e91-40c7-a89a-4a25ac2bc5ba
